<?xml version="1.0" encoding="UTF-8"?>
<kml xmlns="http://www.opengis.net/kml/2.2"><Document><name>ANÁLISIS DEL TERRENO – Centro de Bienestar Animal y Cultural</name><Folder><name>1. Terreno</name><Placemark><name>TERRENO</name><description>Área: 5,982 m²
Perímetro: 346 m
Frente (sur, Av. Benito Juárez): 50.6 m
Fondo (norte, río La Silla): 52.5 m
Lado oriente: 133.3 m · Lado poniente: 110.6 m
Elevación (Google Earth): 470.8–475.0 m s.n.m.</description><Style><LineStyle><color>ff5b3ab0</color><width>3</width></LineStyle><PolyStyle><color>80e3c8f6</color></PolyStyle></Style><Polygon><tessellate>1</tessellate><outerBoundaryIs><LinearRing><coordinates>-100.22480640,25.67666026,0 -100.22453026,25.67783338,0 -100.22504129,25.67773101,0 -100.22529841,25.67676412,0 -100.22480640,25.67666026,0</coordinates></LinearRing></outerBoundaryIs></Polygon></Placemark><Folder><name>Lados del terreno</name><Placemark><name>Lado oriente – 133.3 m</name><description></description><Style><LineStyle><color>ff00ffff</color><width>4</width></LineStyle></Style><LineString><tessellate>1</tessellate><coordinates>-100.22480640,25.67666026,0 -100.22453026,25.67783338,0</coordinates></LineString></Placemark><Placemark><name>Fondo norte (hacia el río) – 52.5 m</name><description></description><Style><LineStyle><color>ffffaa00</color><width>4</width></LineStyle></Style><LineString><tessellate>1</tessellate><coordinates>-100.22453026,25.67783338,0 -100.22504129,25.67773101,0</coordinates></LineString></Placemark><Placemark><name>Lado poniente – 110.6 m</name><description></description><Style><LineStyle><color>ff00ffff</color><width>4</width></LineStyle></Style><LineString><tessellate>1</tessellate><coordinates>-100.22504129,25.67773101,0 -100.22529841,25.67676412,0</coordinates></LineString></Placemark><Placemark><name>Frente sur (Av. Benito Juárez) – 50.6 m</name><description></description><Style><LineStyle><color>ff0000ff</color><width>4</width></LineStyle></Style><LineString><tessellate>1</tessellate><coordinates>-100.22529841,25.67676412,0 -100.22480640,25.67666026,0</coordinates></LineString></Placemark></Folder></Folder><Folder><name>2. Radios de influencia</name><Placemark><name>Radio 250 m</name><description>Radio medido desde el centro del terreno</description><Style><LineStyle><color>ff00a5ff</color><width>2</width></LineStyle><PolyStyle><color>00ffffff</color></PolyStyle></Style><Polygon><tessellate>1</tessellate><outerBoundaryIs><LinearRing><coordinates>-100.22241782,25.67724143,0 -100.22241857,25.67718625,0 -100.22242083,25.67713111,0 -100.22242458,25.67707603,0 -100.22242983,25.67702105,0 -100.22243658,25.67696621,0 -100.22244482,25.67691153,0 -100.22245455,25.67685705,0 -100.22246576,25.67680280,0 -100.22247844,25.67674882,0 -100.22249258,25.67669513,0 -100.22250819,25.67664177,0 -100.22252524,25.67658878,0 -100.22254373,25.67653617,0 -100.22256365,25.67648400,0 -100.22258498,25.67643227,0 -100.22260772,25.67638104,0 -100.22263184,25.67633032,0 -100.22265733,25.67628015,0 -100.22268419,25.67623056,0 -100.22271239,25.67618158,0 -100.22274191,25.67613324,0 -100.22277274,25.67608557,0 -100.22280486,25.67603859,0 -100.22283825,25.67599234,0 -100.22287288,25.67594684,0 -100.22290875,25.67590211,0 -100.22294582,25.67585820,0 -100.22298408,25.67581512,0 -100.22302350,25.67577290,0 -100.22306406,25.67573156,0 -100.22310573,25.67569113,0 -100.22314849,25.67565164,0 -100.22319231,25.67561310,0 -100.22323717,25.67557554,0 -100.22328303,25.67553899,0 -100.22332988,25.67550347,0 -100.22337768,25.67546899,0 -100.22342641,25.67543557,0 -100.22347603,25.67540325,0 -100.22352652,25.67537203,0 -100.22357784,25.67534194,0 -100.22362996,25.67531299,0 -100.22368286,25.67528521,0 -100.22373650,25.67525860,0 -100.22379085,25.67523319,0 -100.22384587,25.67520899,0 -100.22390154,25.67518601,0 -100.22395781,25.67516427,0 -100.22401466,25.67514378,0 -100.22407205,25.67512455,0 -100.22412994,25.67510660,0 -100.22418831,25.67508994,0 -100.22424712,25.67507457,0 -100.22430632,25.67506050,0 -100.22436589,25.67504775,0 -100.22442579,25.67503633,0 -100.22448598,25.67502622,0 -100.22454643,25.67501746,0 -100.22460710,25.67501003,0 -100.22466795,25.67500395,0 -100.22472895,25.67499922,0 -100.22479006,25.67499583,0 -100.22485125,25.67499380,0 -100.22491247,25.67499312,0 -100.22497369,25.67499380,0 -100.22503488,25.67499583,0 -100.22509599,25.67499922,0 -100.22515699,25.67500395,0 -100.22521784,25.67501003,0 -100.22527851,25.67501746,0 -100.22533896,25.67502622,0 -100.22539915,25.67503633,0 -100.22545905,25.67504775,0 -100.22551862,25.67506050,0 -100.22557783,25.67507457,0 -100.22563663,25.67508994,0 -100.22569500,25.67510660,0 -100.22575289,25.67512455,0 -100.22581028,25.67514378,0 -100.22586713,25.67516427,0 -100.22592341,25.67518601,0 -100.22597907,25.67520899,0 -100.22603409,25.67523319,0 -100.22608844,25.67525860,0 -100.22614208,25.67528521,0 -100.22619498,25.67531299,0 -100.22624710,25.67534194,0 -100.22629842,25.67537203,0 -100.22634891,25.67540325,0 -100.22639853,25.67543557,0 -100.22644726,25.67546899,0 -100.22649506,25.67550347,0 -100.22654191,25.67553899,0 -100.22658778,25.67557554,0 -100.22663263,25.67561310,0 -100.22667645,25.67565164,0 -100.22671921,25.67569113,0 -100.22676088,25.67573156,0 -100.22680144,25.67577290,0 -100.22684086,25.67581512,0 -100.22687912,25.67585820,0 -100.22691619,25.67590211,0 -100.22695206,25.67594684,0 -100.22698670,25.67599234,0 -100.22702008,25.67603859,0 -100.22705220,25.67608557,0 -100.22708303,25.67613324,0 -100.22711256,25.67618158,0 -100.22714075,25.67623056,0 -100.22716761,25.67628015,0 -100.22719310,25.67633032,0 -100.22721723,25.67638104,0 -100.22723996,25.67643227,0 -100.22726129,25.67648400,0 -100.22728121,25.67653617,0 -100.22729970,25.67658878,0 -100.22731675,25.67664177,0 -100.22733236,25.67669513,0 -100.22734651,25.67674882,0 -100.22735919,25.67680280,0 -100.22737039,25.67685705,0 -100.22738012,25.67691153,0 -100.22738836,25.67696621,0 -100.22739511,25.67702105,0 -100.22740036,25.67707603,0 -100.22740412,25.67713111,0 -100.22740637,25.67718625,0 -100.22740712,25.67724143,0 -100.22740637,25.67729660,0 -100.22740412,25.67735174,0 -100.22740036,25.67740682,0 -100.22739511,25.67746180,0 -100.22738836,25.67751664,0 -100.22738012,25.67757132,0 -100.22737039,25.67762580,0 -100.22735919,25.67768005,0 -100.22734651,25.67773403,0 -100.22733236,25.67778772,0 -100.22731675,25.67784108,0 -100.22729970,25.67789407,0 -100.22728121,25.67794668,0 -100.22726129,25.67799886,0 -100.22723996,25.67805058,0 -100.22721723,25.67810181,0 -100.22719310,25.67815253,0 -100.22716761,25.67820270,0 -100.22714075,25.67825229,0 -100.22711256,25.67830127,0 -100.22708303,25.67834961,0 -100.22705220,25.67839728,0 -100.22702008,25.67844426,0 -100.22698670,25.67849051,0 -100.22695206,25.67853602,0 -100.22691619,25.67858074,0 -100.22687912,25.67862465,0 -100.22684086,25.67866773,0 -100.22680144,25.67870995,0 -100.22676088,25.67875129,0 -100.22671921,25.67879172,0 -100.22667645,25.67883121,0 -100.22663263,25.67886975,0 -100.22658778,25.67890731,0 -100.22654191,25.67894386,0 -100.22649506,25.67897939,0 -100.22644726,25.67901387,0 -100.22639853,25.67904728,0 -100.22634891,25.67907960,0 -100.22629842,25.67911082,0 -100.22624710,25.67914091,0 -100.22619498,25.67916986,0 -100.22614208,25.67919764,0 -100.22608844,25.67922425,0 -100.22603409,25.67924966,0 -100.22597907,25.67927387,0 -100.22592341,25.67929684,0 -100.22586713,25.67931858,0 -100.22581028,25.67933907,0 -100.22575289,25.67935830,0 -100.22569500,25.67937625,0 -100.22563663,25.67939292,0 -100.22557783,25.67940828,0 -100.22551862,25.67942235,0 -100.22545905,25.67943510,0 -100.22539915,25.67944653,0 -100.22533896,25.67945663,0 -100.22527851,25.67946539,0 -100.22521784,25.67947282,0 -100.22515699,25.67947890,0 -100.22509599,25.67948363,0 -100.22503488,25.67948702,0 -100.22497369,25.67948905,0 -100.22491247,25.67948973,0 -100.22485125,25.67948905,0 -100.22479006,25.67948702,0 -100.22472895,25.67948363,0 -100.22466795,25.67947890,0 -100.22460710,25.67947282,0 -100.22454643,25.67946539,0 -100.22448598,25.67945663,0 -100.22442579,25.67944653,0 -100.22436589,25.67943510,0 -100.22430632,25.67942235,0 -100.22424712,25.67940828,0 -100.22418831,25.67939292,0 -100.22412994,25.67937625,0 -100.22407205,25.67935830,0 -100.22401466,25.67933907,0 -100.22395781,25.67931858,0 -100.22390154,25.67929684,0 -100.22384587,25.67927387,0 -100.22379085,25.67924966,0 -100.22373650,25.67922425,0 -100.22368286,25.67919764,0 -100.22362996,25.67916986,0 -100.22357784,25.67914091,0 -100.22352652,25.67911082,0 -100.22347603,25.67907960,0 -100.22342641,25.67904728,0 -100.22337768,25.67901387,0 -100.22332988,25.67897939,0 -100.22328303,25.67894386,0 -100.22323717,25.67890731,0 -100.22319231,25.67886975,0 -100.22314849,25.67883121,0 -100.22310573,25.67879172,0 -100.22306406,25.67875129,0 -100.22302350,25.67870995,0 -100.22298408,25.67866773,0 -100.22294582,25.67862465,0 -100.22290875,25.67858074,0 -100.22287288,25.67853602,0 -100.22283825,25.67849051,0 -100.22280486,25.67844426,0 -100.22277274,25.67839728,0 -100.22274191,25.67834961,0 -100.22271239,25.67830127,0 -100.22268419,25.67825229,0 -100.22265733,25.67820270,0 -100.22263184,25.67815253,0 -100.22260772,25.67810181,0 -100.22258498,25.67805058,0 -100.22256365,25.67799886,0 -100.22254373,25.67794668,0 -100.22252524,25.67789407,0 -100.22250819,25.67784108,0 -100.22249258,25.67778772,0 -100.22247844,25.67773403,0 -100.22246576,25.67768005,0 -100.22245455,25.67762580,0 -100.22244482,25.67757132,0 -100.22243658,25.67751664,0 -100.22242983,25.67746180,0 -100.22242458,25.67740682,0 -100.22242083,25.67735174,0 -100.22241857,25.67729660,0 -100.22241782,25.67724143,0</coordinates></LinearRing></outerBoundaryIs></Polygon></Placemark><Placemark><name>Radio 500 m</name><description>Radio medido desde el centro del terreno</description><Style><LineStyle><color>ff00d7ff</color><width>2</width></LineStyle><PolyStyle><color>00ffffff</color></PolyStyle></Style><Polygon><tessellate>1</tessellate><outerBoundaryIs><LinearRing><coordinates>-100.21992317,25.67724143,0 -100.21992467,25.67713107,0 -100.21992918,25.67702079,0 -100.21993669,25.67691063,0 -100.21994720,25.67680068,0 -100.21996069,25.67669099,0 -100.21997717,25.67658164,0 -100.21999663,25.67647268,0 -100.22001904,25.67636418,0 -100.22004440,25.67625621,0 -100.22007269,25.67614884,0 -100.22010390,25.67604212,0 -100.22013801,25.67593613,0 -100.22017499,25.67583092,0 -100.22021483,25.67572657,0 -100.22025749,25.67562312,0 -100.22030296,25.67552065,0 -100.22035120,25.67541922,0 -100.22040220,25.67531888,0 -100.22045591,25.67521970,0 -100.22051230,25.67512174,0 -100.22057135,25.67502506,0 -100.22063301,25.67492971,0 -100.22069724,25.67483575,0 -100.22076402,25.67474325,0 -100.22083330,25.67465225,0 -100.22090503,25.67456280,0 -100.22097917,25.67447497,0 -100.22105569,25.67438881,0 -100.22113453,25.67430437,0 -100.22121564,25.67422169,0 -100.22129899,25.67414084,0 -100.22138450,25.67406185,0 -100.22147215,25.67398477,0 -100.22156186,25.67390966,0 -100.22165360,25.67383656,0 -100.22174729,25.67376551,0 -100.22184290,25.67369655,0 -100.22194035,25.67362972,0 -100.22203959,25.67356507,0 -100.22214056,25.67350264,0 -100.22224321,25.67344246,0 -100.22234746,25.67338456,0 -100.22245325,25.67332899,0 -100.22256053,25.67327578,0 -100.22266923,25.67322495,0 -100.22277927,25.67317655,0 -100.22289060,25.67313059,0 -100.22300315,25.67308711,0 -100.22311685,25.67304613,0 -100.22323163,25.67300768,0 -100.22334742,25.67297178,0 -100.22346415,25.67293845,0 -100.22358176,25.67290771,0 -100.22370017,25.67287958,0 -100.22381931,25.67285408,0 -100.22393911,25.67283122,0 -100.22405949,25.67281102,0 -100.22418039,25.67279349,0 -100.22430173,25.67277864,0 -100.22442343,25.67276648,0 -100.22454544,25.67275701,0 -100.22466766,25.67275024,0 -100.22479003,25.67274618,0 -100.22491247,25.67274482,0 -100.22503491,25.67274618,0 -100.22515728,25.67275024,0 -100.22527951,25.67275701,0 -100.22540151,25.67276648,0 -100.22552321,25.67277864,0 -100.22564455,25.67279349,0 -100.22576545,25.67281102,0 -100.22588583,25.67283122,0 -100.22600563,25.67285408,0 -100.22612477,25.67287958,0 -100.22624318,25.67290771,0 -100.22636079,25.67293845,0 -100.22647752,25.67297178,0 -100.22659332,25.67300768,0 -100.22670810,25.67304613,0 -100.22682179,25.67308711,0 -100.22693434,25.67313059,0 -100.22704567,25.67317655,0 -100.22715572,25.67322495,0 -100.22726441,25.67327578,0 -100.22737169,25.67332899,0 -100.22747748,25.67338456,0 -100.22758173,25.67344246,0 -100.22768438,25.67350264,0 -100.22778535,25.67356507,0 -100.22788459,25.67362972,0 -100.22798205,25.67369655,0 -100.22807765,25.67376551,0 -100.22817135,25.67383656,0 -100.22826308,25.67390966,0 -100.22835280,25.67398477,0 -100.22844044,25.67406185,0 -100.22852596,25.67414084,0 -100.22860930,25.67422169,0 -100.22869041,25.67430437,0 -100.22876925,25.67438881,0 -100.22884577,25.67447497,0 -100.22891991,25.67456280,0 -100.22899165,25.67465225,0 -100.22906092,25.67474325,0 -100.22912770,25.67483575,0 -100.22919194,25.67492971,0 -100.22925360,25.67502506,0 -100.22931264,25.67512174,0 -100.22936903,25.67521970,0 -100.22942274,25.67531888,0 -100.22947374,25.67541922,0 -100.22952198,25.67552065,0 -100.22956745,25.67562312,0 -100.22961012,25.67572657,0 -100.22964995,25.67583092,0 -100.22968693,25.67593613,0 -100.22972104,25.67604212,0 -100.22975225,25.67614884,0 -100.22978054,25.67625621,0 -100.22980590,25.67636418,0 -100.22982832,25.67647268,0 -100.22984777,25.67658164,0 -100.22986425,25.67669099,0 -100.22987775,25.67680068,0 -100.22988825,25.67691063,0 -100.22989576,25.67702079,0 -100.22990027,25.67713107,0 -100.22990177,25.67724143,0 -100.22990027,25.67735178,0 -100.22989576,25.67746206,0 -100.22988825,25.67757222,0 -100.22987775,25.67768217,0 -100.22986425,25.67779186,0 -100.22984777,25.67790121,0 -100.22982832,25.67801017,0 -100.22980590,25.67811867,0 -100.22978054,25.67822664,0 -100.22975225,25.67833401,0 -100.22972104,25.67844073,0 -100.22968693,25.67854672,0 -100.22964995,25.67865193,0 -100.22961012,25.67875629,0 -100.22956745,25.67885973,0 -100.22952198,25.67896220,0 -100.22947374,25.67906363,0 -100.22942274,25.67916397,0 -100.22936903,25.67926315,0 -100.22931264,25.67936111,0 -100.22925360,25.67945779,0 -100.22919194,25.67955314,0 -100.22912770,25.67964710,0 -100.22906092,25.67973960,0 -100.22899165,25.67983061,0 -100.22891991,25.67992005,0 -100.22884577,25.68000788,0 -100.22876925,25.68009404,0 -100.22869041,25.68017848,0 -100.22860930,25.68026116,0 -100.22852596,25.68034201,0 -100.22844044,25.68042100,0 -100.22835280,25.68049808,0 -100.22826308,25.68057319,0 -100.22817135,25.68064629,0 -100.22807765,25.68071735,0 -100.22798205,25.68078631,0 -100.22788459,25.68085313,0 -100.22778535,25.68091778,0 -100.22768438,25.68098021,0 -100.22758173,25.68104040,0 -100.22747748,25.68109829,0 -100.22737169,25.68115386,0 -100.22726441,25.68120707,0 -100.22715572,25.68125790,0 -100.22704567,25.68130631,0 -100.22693434,25.68135226,0 -100.22682179,25.68139574,0 -100.22670810,25.68143672,0 -100.22659332,25.68147517,0 -100.22647752,25.68151108,0 -100.22636079,25.68154441,0 -100.22624318,25.68157514,0 -100.22612477,25.68160327,0 -100.22600563,25.68162877,0 -100.22588583,25.68165163,0 -100.22576545,25.68167183,0 -100.22564455,25.68168936,0 -100.22552321,25.68170421,0 -100.22540151,25.68171637,0 -100.22527951,25.68172584,0 -100.22515728,25.68173261,0 -100.22503491,25.68173667,0 -100.22491247,25.68173803,0 -100.22479003,25.68173667,0 -100.22466766,25.68173261,0 -100.22454544,25.68172584,0 -100.22442343,25.68171637,0 -100.22430173,25.68170421,0 -100.22418039,25.68168936,0 -100.22405949,25.68167183,0 -100.22393911,25.68165163,0 -100.22381931,25.68162877,0 -100.22370017,25.68160327,0 -100.22358176,25.68157514,0 -100.22346415,25.68154441,0 -100.22334742,25.68151108,0 -100.22323163,25.68147517,0 -100.22311685,25.68143672,0 -100.22300315,25.68139574,0 -100.22289060,25.68135226,0 -100.22277927,25.68130631,0 -100.22266923,25.68125790,0 -100.22256053,25.68120707,0 -100.22245325,25.68115386,0 -100.22234746,25.68109829,0 -100.22224321,25.68104040,0 -100.22214056,25.68098021,0 -100.22203959,25.68091778,0 -100.22194035,25.68085313,0 -100.22184290,25.68078631,0 -100.22174729,25.68071735,0 -100.22165360,25.68064629,0 -100.22156186,25.68057319,0 -100.22147215,25.68049808,0 -100.22138450,25.68042100,0 -100.22129899,25.68034201,0 -100.22121564,25.68026116,0 -100.22113453,25.68017848,0 -100.22105569,25.68009404,0 -100.22097917,25.68000788,0 -100.22090503,25.67992005,0 -100.22083330,25.67983061,0 -100.22076402,25.67973960,0 -100.22069724,25.67964710,0 -100.22063301,25.67955314,0 -100.22057135,25.67945779,0 -100.22051230,25.67936111,0 -100.22045591,25.67926315,0 -100.22040220,25.67916397,0 -100.22035120,25.67906363,0 -100.22030296,25.67896220,0 -100.22025749,25.67885973,0 -100.22021483,25.67875629,0 -100.22017499,25.67865193,0 -100.22013801,25.67854672,0 -100.22010390,25.67844073,0 -100.22007269,25.67833401,0 -100.22004440,25.67822664,0 -100.22001904,25.67811867,0 -100.21999663,25.67801017,0 -100.21997717,25.67790121,0 -100.21996069,25.67779186,0 -100.21994720,25.67768217,0 -100.21993669,25.67757222,0 -100.21992918,25.67746206,0 -100.21992467,25.67735178,0 -100.21992317,25.67724143,0</coordinates></LinearRing></outerBoundaryIs></Polygon></Placemark><Placemark><name>Radio 1000 m</name><description>Radio medido desde el centro del terreno</description><Style><LineStyle><color>ff7fffd4</color><width>2</width></LineStyle><PolyStyle><color>00ffffff</color></PolyStyle></Style><Polygon><tessellate>1</tessellate><outerBoundaryIs><LinearRing><coordinates>-100.21493387,25.67724143,0 -100.21493688,25.67702072,0 -100.21494589,25.67680015,0 -100.21496091,25.67657984,0 -100.21498192,25.67635994,0 -100.21500892,25.67614056,0 -100.21504188,25.67592185,0 -100.21508078,25.67570393,0 -100.21512561,25.67548694,0 -100.21517633,25.67527100,0 -100.21523292,25.67505626,0 -100.21529534,25.67484282,0 -100.21536355,25.67463084,0 -100.21543751,25.67442042,0 -100.21551718,25.67421171,0 -100.21560251,25.67400482,0 -100.21569345,25.67379988,0 -100.21578994,25.67359701,0 -100.21589192,25.67339634,0 -100.21599934,25.67319798,0 -100.21611213,25.67300206,0 -100.21623022,25.67280869,0 -100.21635354,25.67261799,0 -100.21648202,25.67243008,0 -100.21661557,25.67224507,0 -100.21675412,25.67206307,0 -100.21689759,25.67188418,0 -100.21704588,25.67170852,0 -100.21719891,25.67153620,0 -100.21735659,25.67136731,0 -100.21751882,25.67120196,0 -100.21768550,25.67104025,0 -100.21785654,25.67088227,0 -100.21803182,25.67072812,0 -100.21821125,25.67057790,0 -100.21839472,25.67043169,0 -100.21858212,25.67028959,0 -100.21877332,25.67015167,0 -100.21896823,25.67001802,0 -100.21916671,25.66988872,0 -100.21936866,25.66976385,0 -100.21957394,25.66964349,0 -100.21978245,25.66952770,0 -100.21999404,25.66941656,0 -100.22020859,25.66931013,0 -100.22042598,25.66920848,0 -100.22064607,25.66911167,0 -100.22086873,25.66901975,0 -100.22109383,25.66893279,0 -100.22132122,25.66885083,0 -100.22155078,25.66877393,0 -100.22178237,25.66870213,0 -100.22201584,25.66863547,0 -100.22225105,25.66857399,0 -100.22248787,25.66851774,0 -100.22272615,25.66846674,0 -100.22296574,25.66842102,0 -100.22320651,25.66838062,0 -100.22344831,25.66834556,0 -100.22369098,25.66831585,0 -100.22393440,25.66829153,0 -100.22417840,25.66827259,0 -100.22442284,25.66825905,0 -100.22466758,25.66825093,0 -100.22491247,25.66824822,0 -100.22515736,25.66825093,0 -100.22540210,25.66825905,0 -100.22564654,25.66827259,0 -100.22589054,25.66829153,0 -100.22613396,25.66831585,0 -100.22637664,25.66834556,0 -100.22661843,25.66838062,0 -100.22685920,25.66842102,0 -100.22709879,25.66846674,0 -100.22733707,25.66851774,0 -100.22757389,25.66857399,0 -100.22780911,25.66863547,0 -100.22804258,25.66870213,0 -100.22827416,25.66877393,0 -100.22850372,25.66885083,0 -100.22873112,25.66893279,0 -100.22895621,25.66901975,0 -100.22917887,25.66911167,0 -100.22939896,25.66920848,0 -100.22961635,25.66931013,0 -100.22983090,25.66941656,0 -100.23004250,25.66952770,0 -100.23025100,25.66964349,0 -100.23045628,25.66976385,0 -100.23065823,25.66988872,0 -100.23085672,25.67001802,0 -100.23105162,25.67015167,0 -100.23124283,25.67028959,0 -100.23143022,25.67043169,0 -100.23161369,25.67057790,0 -100.23179312,25.67072812,0 -100.23196841,25.67088227,0 -100.23213944,25.67104025,0 -100.23230612,25.67120196,0 -100.23246835,25.67136731,0 -100.23262603,25.67153620,0 -100.23277906,25.67170852,0 -100.23292736,25.67188418,0 -100.23307082,25.67206307,0 -100.23320937,25.67224507,0 -100.23334293,25.67243008,0 -100.23347140,25.67261799,0 -100.23359472,25.67280869,0 -100.23371281,25.67300206,0 -100.23382560,25.67319798,0 -100.23393302,25.67339634,0 -100.23403500,25.67359701,0 -100.23413149,25.67379988,0 -100.23422243,25.67400482,0 -100.23430776,25.67421171,0 -100.23438743,25.67442042,0 -100.23446139,25.67463084,0 -100.23452961,25.67484282,0 -100.23459202,25.67505626,0 -100.23464861,25.67527100,0 -100.23469933,25.67548694,0 -100.23474416,25.67570393,0 -100.23478307,25.67592185,0 -100.23481603,25.67614056,0 -100.23484302,25.67635994,0 -100.23486403,25.67657984,0 -100.23487905,25.67680015,0 -100.23488806,25.67702072,0 -100.23489107,25.67724143,0 -100.23488806,25.67746213,0 -100.23487905,25.67768270,0 -100.23486403,25.67790301,0 -100.23484302,25.67812291,0 -100.23481603,25.67834229,0 -100.23478307,25.67856100,0 -100.23474416,25.67877892,0 -100.23469933,25.67899591,0 -100.23464861,25.67921185,0 -100.23459202,25.67942660,0 -100.23452961,25.67964003,0 -100.23446139,25.67985201,0 -100.23438743,25.68006243,0 -100.23430776,25.68027114,0 -100.23422243,25.68047803,0 -100.23413149,25.68068298,0 -100.23403500,25.68088584,0 -100.23393302,25.68108652,0 -100.23382560,25.68128487,0 -100.23371281,25.68148079,0 -100.23359472,25.68167416,0 -100.23347140,25.68186486,0 -100.23334293,25.68205277,0 -100.23320937,25.68223778,0 -100.23307082,25.68241979,0 -100.23292736,25.68259867,0 -100.23277906,25.68277433,0 -100.23262603,25.68294665,0 -100.23246835,25.68311554,0 -100.23230612,25.68328089,0 -100.23213944,25.68344260,0 -100.23196841,25.68360058,0 -100.23179312,25.68375473,0 -100.23161369,25.68390495,0 -100.23143022,25.68405116,0 -100.23124283,25.68419327,0 -100.23105162,25.68433119,0 -100.23085672,25.68446483,0 -100.23065823,25.68459413,0 -100.23045628,25.68471900,0 -100.23025100,25.68483937,0 -100.23004250,25.68495515,0 -100.22983090,25.68506629,0 -100.22961635,25.68517272,0 -100.22939896,25.68527437,0 -100.22917887,25.68537119,0 -100.22895621,25.68546310,0 -100.22873112,25.68555006,0 -100.22850372,25.68563202,0 -100.22827416,25.68570892,0 -100.22804258,25.68578073,0 -100.22780911,25.68584738,0 -100.22757389,25.68590886,0 -100.22733707,25.68596511,0 -100.22709879,25.68601611,0 -100.22685920,25.68606183,0 -100.22661843,25.68610223,0 -100.22637664,25.68613729,0 -100.22613396,25.68616700,0 -100.22589054,25.68619132,0 -100.22564654,25.68621026,0 -100.22540210,25.68622380,0 -100.22515736,25.68623192,0 -100.22491247,25.68623463,0 -100.22466758,25.68623192,0 -100.22442284,25.68622380,0 -100.22417840,25.68621026,0 -100.22393440,25.68619132,0 -100.22369098,25.68616700,0 -100.22344831,25.68613729,0 -100.22320651,25.68610223,0 -100.22296574,25.68606183,0 -100.22272615,25.68601611,0 -100.22248787,25.68596511,0 -100.22225105,25.68590886,0 -100.22201584,25.68584738,0 -100.22178237,25.68578073,0 -100.22155078,25.68570892,0 -100.22132122,25.68563202,0 -100.22109383,25.68555006,0 -100.22086873,25.68546310,0 -100.22064607,25.68537119,0 -100.22042598,25.68527437,0 -100.22020859,25.68517272,0 -100.21999404,25.68506629,0 -100.21978245,25.68495515,0 -100.21957394,25.68483937,0 -100.21936866,25.68471900,0 -100.21916671,25.68459413,0 -100.21896823,25.68446483,0 -100.21877332,25.68433119,0 -100.21858212,25.68419327,0 -100.21839472,25.68405116,0 -100.21821125,25.68390495,0 -100.21803182,25.68375473,0 -100.21785654,25.68360058,0 -100.21768550,25.68344260,0 -100.21751882,25.68328089,0 -100.21735659,25.68311554,0 -100.21719891,25.68294665,0 -100.21704588,25.68277433,0 -100.21689759,25.68259867,0 -100.21675412,25.68241979,0 -100.21661557,25.68223778,0 -100.21648202,25.68205277,0 -100.21635354,25.68186486,0 -100.21623022,25.68167416,0 -100.21611213,25.68148079,0 -100.21599934,25.68128487,0 -100.21589192,25.68108652,0 -100.21578994,25.68088584,0 -100.21569345,25.68068298,0 -100.21560251,25.68047803,0 -100.21551718,25.68027114,0 -100.21543751,25.68006243,0 -100.21536355,25.67985201,0 -100.21529534,25.67964003,0 -100.21523292,25.67942660,0 -100.21517633,25.67921185,0 -100.21512561,25.67899591,0 -100.21508078,25.67877892,0 -100.21504188,25.67856100,0 -100.21500892,25.67834229,0 -100.21498192,25.67812291,0 -100.21496091,25.67790301,0 -100.21494589,25.67768270,0 -100.21493688,25.67746213,0 -100.21493387,25.67724143,0</coordinates></LinearRing></outerBoundaryIs></Polygon></Placemark></Folder><Folder><name>3. Río La Silla y franja de protección</name><Placemark><name>Río La Silla (cauce)</name><description>Fuente: Overture Maps / OpenStreetMap</description><Style><LineStyle><color>ffd28c1e</color><width>2</width></LineStyle><PolyStyle><color>80d28c1e</color></PolyStyle></Style><Polygon><tessellate>1</tessellate><outerBoundaryIs><LinearRing><coordinates>-100.21358930,25.68051910,0 -100.21365130,25.68053170,0 -100.21372140,25.68053490,0 -100.21475980,25.68054910,0 -100.21485530,25.68055680,0 -100.21497100,25.68055360,0 -100.21507230,25.68054800,0 -100.21517920,25.68053420,0 -100.21529030,25.68050930,0 -100.21538470,25.68048770,0 -100.21548850,25.68045790,0 -100.21555900,25.68043770,0 -100.21568740,25.68038910,0 -100.21581330,25.68033380,0 -100.21593120,25.68028790,0 -100.21603310,25.68025220,0 -100.21614110,25.68020360,0 -100.21623370,25.68016950,0 -100.21631840,25.68013640,0 -100.21641890,25.68009360,0 -100.21651690,25.68004100,0 -100.21659990,25.68000430,0 -100.21669510,25.67994680,0 -100.21675820,25.67988180,0 -100.21682490,25.67979110,0 -100.21690290,25.67969470,0 -100.21695390,25.67962010,0 -100.21700710,25.67956410,0 -100.21706850,25.67952210,0 -100.21712560,25.67947560,0 -100.21720940,25.67938830,0 -100.21728020,25.67929660,0 -100.21733690,25.67921750,0 -100.21738920,25.67913490,0 -100.21743250,25.67904210,0 -100.21747480,25.67892500,0 -100.21752150,25.67874830,0 -100.21756990,25.67858890,0 -100.21760540,25.67838920,0 -100.21766750,25.67819470,0 -100.21770770,25.67805130,0 -100.21772840,25.67790840,0 -100.21775170,25.67771090,0 -100.21776760,25.67749970,0 -100.21780920,25.67740470,0 -100.21784520,25.67733810,0 -100.21794960,25.67720730,0 -100.21804210,25.67703480,0 -100.21809420,25.67694130,0 -100.21814830,25.67685080,0 -100.21819370,25.67676230,0 -100.21826420,25.67666980,0 -100.21833200,25.67659750,0 -100.21841330,25.67654090,0 -100.21850600,25.67647590,0 -100.21866280,25.67642730,0 -100.21880800,25.67637450,0 -100.21892990,25.67633560,0 -100.21905030,25.67630210,0 -100.21922360,25.67628160,0 -100.21940160,25.67626650,0 -100.21958110,25.67628450,0 -100.21977150,25.67630930,0 -100.21995520,25.67636620,0 -100.22007200,25.67640980,0 -100.22021360,25.67646960,0 -100.22034070,25.67655210,0 -100.22043870,25.67663950,0 -100.22056500,25.67672910,0 -100.22068810,25.67685050,0 -100.22078390,25.67695460,0 -100.22089810,25.67705280,0 -100.22101550,25.67717510,0 -100.22111890,25.67727540,0 -100.22120250,25.67735740,0 -100.22129700,25.67747570,0 -100.22138110,25.67758230,0 -100.22146430,25.67769750,0 -100.22156360,25.67780780,0 -100.22165280,25.67790550,0 -100.22174510,25.67798430,0 -100.22187980,25.67808590,0 -100.22197050,25.67814680,0 -100.22209900,25.67822940,0 -100.22219940,25.67827510,0 -100.22229740,25.67831600,0 -100.22243110,25.67836710,0 -100.22256050,25.67841190,0 -100.22271020,25.67845380,0 -100.22291010,25.67849550,0 -100.22305950,25.67851240,0 -100.22317160,25.67851990,0 -100.22329910,25.67850940,0 -100.22341500,25.67848630,0 -100.22354620,25.67844580,0 -100.22370950,25.67840510,0 -100.22383790,25.67837480,0 -100.22396230,25.67834090,0 -100.22415690,25.67827050,0 -100.22435270,25.67822100,0 -100.22449880,25.67819010,0 -100.22469520,25.67813370,0 -100.22484410,25.67809410,0 -100.22505580,25.67803280,0 -100.22525950,25.67795160,0 -100.22540710,25.67790560,0 -100.22553410,25.67786240,0 -100.22567150,25.67782980,0 -100.22578110,25.67778170,0 -100.22589490,25.67773210,0 -100.22600600,25.67768430,0 -100.22612160,25.67763240,0 -100.22620930,25.67755790,0 -100.22632760,25.67741870,0 -100.22643230,25.67729930,0 -100.22657760,25.67713890,0 -100.22685800,25.67669300,0 -100.22689970,25.67661750,0 -100.22694330,25.67651940,0 -100.22699080,25.67644690,0 -100.22705610,25.67637440,0 -100.22718340,25.67626660,0 -100.22729490,25.67615220,0 -100.22739160,25.67603140,0 -100.22753830,25.67584050,0 -100.22761980,25.67569180,0 -100.22771210,25.67555660,0 -100.22779480,25.67546480,0 -100.22789800,25.67536530,0 -100.22800870,25.67527050,0 -100.22810550,25.67520160,0 -100.22821500,25.67512830,0 -100.22834720,25.67506110,0 -100.22853740,25.67500730,0 -100.22868760,25.67497110,0 -100.22889910,25.67492770,0 -100.22907000,25.67490550,0 -100.22919060,25.67488870,0 -100.22932290,25.67488250,0 -100.22943140,25.67488140,0 -100.22955370,25.67489050,0 -100.22967510,25.67488900,0 -100.22979300,25.67489580,0 -100.22988910,25.67489810,0 -100.23003500,25.67494930,0 -100.23017820,25.67500180,0 -100.23031490,25.67506360,0 -100.23046080,25.67510810,0 -100.23063870,25.67516280,0 -100.23079630,25.67521250,0 -100.23097310,25.67528120,0 -100.23110860,25.67534100,0 -100.23129300,25.67543880,0 -100.23154250,25.67560520,0 -100.23162690,25.67566450,0 -100.23176600,25.67574900,0 -100.23186250,25.67582990,0 -100.23197690,25.67590380,0 -100.23207430,25.67600990,0 -100.23217370,25.67612650,0 -100.23221080,25.67625570,0 -100.23226600,25.67639200,0 -100.23233240,25.67647800,0 -100.23242210,25.67657160,0 -100.23249470,25.67665370,0 -100.23259020,25.67674710,0 -100.23266790,25.67683410,0 -100.23272360,25.67691550,0 -100.23280670,25.67701240,0 -100.23289490,25.67708280,0 -100.23302380,25.67715180,0 -100.23314240,25.67720260,0 -100.23330990,25.67724670,0 -100.23345510,25.67729820,0 -100.23362630,25.67734060,0 -100.23375500,25.67735550,0 -100.23384220,25.67735970,0 -100.23394180,25.67735400,0 -100.23402580,25.67732300,0 -100.23411520,25.67727080,0 -100.23422240,25.67718890,0 -100.23434030,25.67710920,0 -100.23444260,25.67703270,0 -100.23457870,25.67692740,0 -100.23471080,25.67680940,0 -100.23482740,25.67672530,0 -100.23496090,25.67665670,0 -100.23510810,25.67655750,0 -100.23521930,25.67647990,0 -100.23533310,25.67638230,0 -100.23543230,25.67629420,0 -100.23552680,25.67622020,0 -100.23557900,25.67616580,0 -100.23566380,25.67610040,0 -100.23575790,25.67603980,0 -100.23583140,25.67597600,0 -100.23593110,25.67590790,0 -100.23604620,25.67583630,0 -100.23613800,25.67576040,0 -100.23621440,25.67569300,0 -100.23629270,25.67563010,0 -100.23636390,25.67557880,0 -100.23643450,25.67552750,0 -100.23650520,25.67547380,0 -100.23661740,25.67541360,0 -100.23669489,25.67536802,0 -100.23672098,25.67552655,0 -100.23664650,25.67556520,0 -100.23653990,25.67562640,0 -100.23642660,25.67569040,0 -100.23633940,25.67575790,0 -100.23624570,25.67582210,0 -100.23610330,25.67592940,0 -100.23598890,25.67603350,0 -100.23588640,25.67611850,0 -100.23577500,25.67620360,0 -100.23566990,25.67628780,0 -100.23558320,25.67637460,0 -100.23548170,25.67646880,0 -100.23539330,25.67655210,0 -100.23523510,25.67666420,0 -100.23509220,25.67674130,0 -100.23493980,25.67682760,0 -100.23481130,25.67693350,0 -100.23467390,25.67705670,0 -100.23452110,25.67718260,0 -100.23441360,25.67726510,0 -100.23430070,25.67733870,0 -100.23420370,25.67739260,0 -100.23410850,25.67744480,0 -100.23398540,25.67747930,0 -100.23386550,25.67748180,0 -100.23371450,25.67746990,0 -100.23358880,25.67744580,0 -100.23344600,25.67741180,0 -100.23331360,25.67737400,0 -100.23317150,25.67732950,0 -100.23302070,25.67727430,0 -100.23286980,25.67721050,0 -100.23274710,25.67714460,0 -100.23265980,25.67709460,0 -100.23258390,25.67700580,0 -100.23250320,25.67691570,0 -100.23242980,25.67682810,0 -100.23233420,25.67671810,0 -100.23225900,25.67662250,0 -100.23218600,25.67653320,0 -100.23208510,25.67641990,0 -100.23204620,25.67632640,0 -100.23202910,25.67624270,0 -100.23196450,25.67613260,0 -100.23186870,25.67605420,0 -100.23174800,25.67597660,0 -100.23165240,25.67590360,0 -100.23155450,25.67583530,0 -100.23145270,25.67578530,0 -100.23117900,25.67562670,0 -100.23100020,25.67551200,0 -100.23081050,25.67542530,0 -100.23064650,25.67537460,0 -100.23048000,25.67532000,0 -100.23033980,25.67526340,0 -100.23019050,25.67520990,0 -100.23007640,25.67516240,0 -100.22991580,25.67511600,0 -100.22979960,25.67508460,0 -100.22967980,25.67506370,0 -100.22955230,25.67505440,0 -100.22941440,25.67505230,0 -100.22926940,25.67503830,0 -100.22916520,25.67503640,0 -100.22906840,25.67504510,0 -100.22889640,25.67506510,0 -100.22872040,25.67511630,0 -100.22853460,25.67516450,0 -100.22838480,25.67522640,0 -100.22824390,25.67533170,0 -100.22811110,25.67542920,0 -100.22800300,25.67556700,0 -100.22787940,25.67571750,0 -100.22771070,25.67593610,0 -100.22757810,25.67609030,0 -100.22748250,25.67622710,0 -100.22737090,25.67635860,0 -100.22725560,25.67646430,0 -100.22715280,25.67656200,0 -100.22707790,25.67666010,0 -100.22705660,25.67674250,0 -100.22678790,25.67717450,0 -100.22664210,25.67736920,0 -100.22650740,25.67751620,0 -100.22637550,25.67766040,0 -100.22627750,25.67773220,0 -100.22615800,25.67779250,0 -100.22601150,25.67786050,0 -100.22586920,25.67792490,0 -100.22570860,25.67797420,0 -100.22556190,25.67802690,0 -100.22545270,25.67807110,0 -100.22528300,25.67813100,0 -100.22516250,25.67817120,0 -100.22500190,25.67822550,0 -100.22486340,25.67825870,0 -100.22464570,25.67832010,0 -100.22444720,25.67836890,0 -100.22424600,25.67843360,0 -100.22407110,25.67848290,0 -100.22390700,25.67852570,0 -100.22374620,25.67857790,0 -100.22355460,25.67862670,0 -100.22339990,25.67866920,0 -100.22324700,25.67869420,0 -100.22312730,25.67870000,0 -100.22297300,25.67868490,0 -100.22274380,25.67865900,0 -100.22263570,25.67863650,0 -100.22244780,25.67859300,0 -100.22228530,25.67853890,0 -100.22214180,25.67847550,0 -100.22198970,25.67840710,0 -100.22182640,25.67831400,0 -100.22169590,25.67821260,0 -100.22156680,25.67810160,0 -100.22146030,25.67799090,0 -100.22135750,25.67788550,0 -100.22128010,25.67777650,0 -100.22121290,25.67768600,0 -100.22113350,25.67757770,0 -100.22105360,25.67748520,0 -100.22096180,25.67736670,0 -100.22086240,25.67726020,0 -100.22075720,25.67715150,0 -100.22063690,25.67704900,0 -100.22050810,25.67693510,0 -100.22033100,25.67676690,0 -100.22019330,25.67667580,0 -100.22003200,25.67657610,0 -100.21985890,25.67649670,0 -100.21972580,25.67645680,0 -100.21957500,25.67644430,0 -100.21938460,25.67643240,0 -100.21921330,25.67645060,0 -100.21903530,25.67648370,0 -100.21885170,25.67652350,0 -100.21873820,25.67656660,0 -100.21861370,25.67662970,0 -100.21848360,25.67671080,0 -100.21837930,25.67681470,0 -100.21830310,25.67694150,0 -100.21821490,25.67707940,0 -100.21815820,25.67725760,0 -100.21803940,25.67744820,0 -100.21799790,25.67758080,0 -100.21797970,25.67776170,0 -100.21794560,25.67788660,0 -100.21787570,25.67807610,0 -100.21783120,25.67821360,0 -100.21777020,25.67844380,0 -100.21772320,25.67864400,0 -100.21768370,25.67881310,0 -100.21763570,25.67897850,0 -100.21759900,25.67908150,0 -100.21754640,25.67918940,0 -100.21748530,25.67929170,0 -100.21741700,25.67939280,0 -100.21732670,25.67949160,0 -100.21723090,25.67958140,0 -100.21715320,25.67965920,0 -100.21705710,25.67973740,0 -100.21698880,25.67981520,0 -100.21693510,25.67988640,0 -100.21685800,25.67996740,0 -100.21680700,25.68001460,0 -100.21671370,25.68007520,0 -100.21661880,25.68013320,0 -100.21650140,25.68018650,0 -100.21639660,25.68023730,0 -100.21630920,25.68027480,0 -100.21619990,25.68031810,0 -100.21610010,25.68035730,0 -100.21599300,25.68040450,0 -100.21587250,25.68045340,0 -100.21575000,25.68049050,0 -100.21562960,25.68054270,0 -100.21551650,25.68057410,0 -100.21541790,25.68059960,0 -100.21528150,25.68063620,0 -100.21511850,25.68066020,0 -100.21499420,25.68067990,0 -100.21488320,25.68069210,0 -100.21478560,25.68068990,0 -100.21474920,25.68068870,0 -100.21371410,25.68065780,0 -100.21364590,25.68065560,0 -100.21356040,25.68064160,0 -100.21355992,25.68064153,0 -100.21350598,25.68050566,0 -100.21358930,25.68051910,0</coordinates></LinearRing></outerBoundaryIs></Polygon></Placemark><Placemark><name>Río La Silla (eje)</name><description></description><Style><LineStyle><color>ffd28c1e</color><width>3</width></LineStyle></Style><LineString><tessellate>1</tessellate><coordinates>-100.23670881,25.67545259,0 -100.23655940,25.67553410,0 -100.23565630,25.67623540,0 -100.23521550,25.67659480,0 -100.23506970,25.67669440,0 -100.23503980,25.67671480,0 -100.23483550,25.67685420,0 -100.23459960,25.67703140,0 -100.23435100,25.67718610,0 -100.23408020,25.67736330,0 -100.23389380,25.67741000,0 -100.23370380,25.67741810,0 -100.23328530,25.67732620,0 -100.23299210,25.67722550,0 -100.23270240,25.67707640,0 -100.23226050,25.67651480,0 -100.23215770,25.67636970,0 -100.23213610,25.67627630,0 -100.23209140,25.67617180,0 -100.23202780,25.67609900,0 -100.23194380,25.67600220,0 -100.23109310,25.67541810,0 -100.22984130,25.67497350,0 -100.22945030,25.67496860,0 -100.22911530,25.67495800,0 -100.22874600,25.67500220,0 -100.22848420,25.67509540,0 -100.22831700,25.67517160,0 -100.22826610,25.67519480,0 -100.22809630,25.67530890,0 -100.22797630,25.67545680,0 -100.22716440,25.67645300,0 -100.22615440,25.67776170,0 -100.22402090,25.67844000,0 -100.22340940,25.67859880,0 -100.22309640,25.67863300,0 -100.22281750,25.67860920,0 -100.22244820,25.67851410,0 -100.22214020,25.67838440,0 -100.22185370,25.67821600,0 -100.22152550,25.67791380,0 -100.22124570,25.67756330,0 -100.22076810,25.67704380,0 -100.22058690,25.67684690,0 -100.22044280,25.67673190,0 -100.22024540,25.67658900,0 -100.21998340,25.67645640,0 -100.21969220,25.67638080,0 -100.21939260,25.67635780,0 -100.21919350,25.67637600,0 -100.21902310,25.67642370,0 -100.21866340,25.67656530,0 -100.21846090,25.67668980,0 -100.21834680,25.67677350,0 -100.21822930,25.67692070,0 -100.21805540,25.67721270,0 -100.21795840,25.67753770,0 -100.21783570,25.67803870,0 -100.21768440,25.67859110,0 -100.21751420,25.67912660,0 -100.21733450,25.67941720,0 -100.21698980,25.67974540,0 -100.21669710,25.68002220,0 -100.21631950,25.68023100,0 -100.21593260,25.68038170,0 -100.21550320,25.68053790,0 -100.21502660,25.68062600,0 -100.21416450,25.68062250,0 -100.21369580,25.68059950,0 -100.21353397,25.68057615,0</coordinates></LineString></Placemark><Placemark><name>Distancia al cauce: 31 m</name><description>Distancia más corta del borde norte del terreno al río La Silla (Overture Maps).</description><Style><LineStyle><color>ff0000ff</color><width>3</width></LineStyle></Style><LineString><tessellate>1</tessellate><coordinates>-100.22504129,25.67773101,0 -100.22516754,25.67798826,0</coordinates></LineString></Placemark><Placemark><name>Franja de 10 m desde el cauce</name><description>Referencia de 10 m desde el cauce (zona federal / amortiguamiento). Verificar con CONAGUA.</description><Style><LineStyle><color>800000ff</color><width>1</width></LineStyle><PolyStyle><color>800000ff</color></PolyStyle></Style><Polygon><tessellate>1</tessellate><outerBoundaryIs><LinearRing><coordinates>-100.22830760,25.67540093,0 -100.22830692,25.67540142,0 -100.22818470,25.67549116,0 -100.22808448,25.67561892,0 -100.22808321,25.67562050,0 -100.22796048,25.67576994,0 -100.22779262,25.67598745,0 -100.22778957,25.67599119,0 -100.22765995,25.67614193,0 -100.22756693,25.67627503,0 -100.22756176,25.67628174,0 -100.22745016,25.67641324,0 -100.22744206,25.67642165,0 -100.22732739,25.67652677,0 -100.22723058,25.67661878,0 -100.22717080,25.67669707,0 -100.22715378,25.67676290,0 -100.22715123,25.67677104,0 -100.22714784,25.67677892,0 -100.22714364,25.67678648,0 -100.22687494,25.67721848,0 -100.22687061,25.67722481,0 -100.22672481,25.67741951,0 -100.22671904,25.67742647,0 -100.22658437,25.67757344,0 -100.22645250,25.67771761,0 -100.22644582,25.67772421,0 -100.22643844,25.67773018,0 -100.22634044,25.67780198,0 -100.22633355,25.67780660,0 -100.22632625,25.67781067,0 -100.22620675,25.67787097,0 -100.22620369,25.67787245,0 -100.22605719,25.67794045,0 -100.22605628,25.67794087,0 -100.22591398,25.67800527,0 -100.22590137,25.67801003,0 -100.22574318,25.67805859,0 -100.22560083,25.67810973,0 -100.22549358,25.67815314,0 -100.22548909,25.67815484,0 -100.22531939,25.67821474,0 -100.22531764,25.67821534,0 -100.22519735,25.67825547,0 -100.22503695,25.67830970,0 -100.22502755,25.67831241,0 -100.22489114,25.67834511,0 -100.22467550,25.67840593,0 -100.22467196,25.67840686,0 -100.22447714,25.67845476,0 -100.22427953,25.67851830,0 -100.22427579,25.67851943,0 -100.22410089,25.67856873,0 -100.22409884,25.67856929,0 -100.22393781,25.67861129,0 -100.22378002,25.67866251,0 -100.22377334,25.67866444,0 -100.22358272,25.67871299,0 -100.22342900,25.67875522,0 -100.22341771,25.67875769,0 -100.22326481,25.67878269,0 -100.22325236,25.67878400,0 -100.22313266,25.67878980,0 -100.22312458,25.67878990,0 -100.22311653,25.67878941,0 -100.22296223,25.67877431,0 -100.22296059,25.67877413,0 -100.22273139,25.67874823,0 -100.22272135,25.67874663,0 -100.22261325,25.67872413,0 -100.22261087,25.67872360,0 -100.22242297,25.67868010,0 -100.22241322,25.67867736,0 -100.22225072,25.67862326,0 -100.22224138,25.67861965,0 -100.22209788,25.67855625,0 -100.22209725,25.67855597,0 -100.22194515,25.67848757,0 -100.22193635,25.67848310,0 -100.22177305,25.67839000,0 -100.22176699,25.67838625,0 -100.22176124,25.67838211,0 -100.22163074,25.67828071,0 -100.22162702,25.67827767,0 -100.22149792,25.67816667,0 -100.22149141,25.67816051,0 -100.22138513,25.67805004,0 -100.22128255,25.67794487,0 -100.22127777,25.67793958,0 -100.22127345,25.67793398,0 -100.22119660,25.67782575,0 -100.22112997,25.67773602,0 -100.22112965,25.67773558,0 -100.22105238,25.67763019,0 -100.22097486,25.67754044,0 -100.22097178,25.67753668,0 -100.22093450,25.67748856,0 -100.22092103,25.67724143,0 -100.22093630,25.67696135,0 -100.22096698,25.67698773,0 -100.22097356,25.67699396,0 -100.22108981,25.67711505,0 -100.22119200,25.67721419,0 -100.22119238,25.67721455,0 -100.22127598,25.67729655,0 -100.22128348,25.67730486,0 -100.22137798,25.67742316,0 -100.22137832,25.67742359,0 -100.22146242,25.67753019,0 -100.22146473,25.67753324,0 -100.22154508,25.67764449,0 -100.22164087,25.67775090,0 -100.22172592,25.67784405,0 -100.22181150,25.67791711,0 -100.22194168,25.67801530,0 -100.22202929,25.67807412,0 -100.22215076,25.67815221,0 -100.22224287,25.67819414,0 -100.22233786,25.67823378,0 -100.22246848,25.67828370,0 -100.22259322,25.67832689,0 -100.22273628,25.67836693,0 -100.22292761,25.67840684,0 -100.22306941,25.67842288,0 -100.22317075,25.67842966,0 -100.22328372,25.67842036,0 -100.22338797,25.67839958,0 -100.22351387,25.67836072,0 -100.22351960,25.67835912,0 -100.22368290,25.67831842,0 -100.22368422,25.67831810,0 -100.22381081,25.67828823,0 -100.22392921,25.67825596,0 -100.22411973,25.67818704,0 -100.22412995,25.67818391,0 -100.22432575,25.67813441,0 -100.22432990,25.67813345,0 -100.22447221,25.67810335,0 -100.22466491,25.67804801,0 -100.22466696,25.67804745,0 -100.22481471,25.67800815,0 -100.22502026,25.67794863,0 -100.22521914,25.67786935,0 -100.22522689,25.67786661,0 -100.22537317,25.67782102,0 -100.22549886,25.67777826,0 -100.22550870,25.67777543,0 -100.22563662,25.67774508,0 -100.22573741,25.67770084,0 -100.22573766,25.67770074,0 -100.22585146,25.67765114,0 -100.22585191,25.67765094,0 -100.22596226,25.67760347,0 -100.22606390,25.67755783,0 -100.22613499,25.67749744,0 -100.22624838,25.67736402,0 -100.22624931,25.67736294,0 -100.22635401,25.67724354,0 -100.22635500,25.67724243,0 -100.22649496,25.67708793,0 -100.22676986,25.67665076,0 -100.22680857,25.67658068,0 -100.22685067,25.67648596,0 -100.22685376,25.67647970,0 -100.22685738,25.67647367,0 -100.22690488,25.67640117,0 -100.22690888,25.67639556,0 -100.22691333,25.67639022,0 -100.22697863,25.67631772,0 -100.22698777,25.67630886,0 -100.22711159,25.67620401,0 -100.22721677,25.67609609,0 -100.22731011,25.67597948,0 -100.22745209,25.67579474,0 -100.22753033,25.67565197,0 -100.22753481,25.67564467,0 -100.22762711,25.67550947,0 -100.22763463,25.67549991,0 -100.22771733,25.67540811,0 -100.22772190,25.67540339,0 -100.22782510,25.67530389,0 -100.22782926,25.67530011,0 -100.22793996,25.67520531,0 -100.22794685,25.67519992,0 -100.22804365,25.67513102,0 -100.22804600,25.67512940,0 -100.22810522,25.67508976,0 -100.22823123,25.67524288,0 -100.22832680,25.67538658,0 -100.22830760,25.67540093,0</coordinates></LinearRing></outerBoundaryIs></Polygon></Placemark><Placemark><name>Franja de 30 m desde el cauce</name><description>Referencia de 30 m desde el cauce (zona federal / amortiguamiento). Verificar con CONAGUA.</description><Style><LineStyle><color>4000a5ff</color><width>1</width></LineStyle><PolyStyle><color>4000a5ff</color></PolyStyle></Style><Polygon><tessellate>1</tessellate><outerBoundaryIs><LinearRing><coordinates>-100.22833191,25.67561507,0 -100.22824744,25.67572275,0 -100.22824362,25.67572751,0 -100.22812264,25.67587481,0 -100.22795646,25.67609015,0 -100.22794732,25.67610137,0 -100.22782364,25.67624519,0 -100.22773580,25.67637088,0 -100.22772028,25.67639101,0 -100.22760868,25.67652251,0 -100.22758437,25.67654774,0 -100.22747096,25.67665171,0 -100.22738614,25.67673233,0 -100.22735661,25.67677101,0 -100.22734815,25.67680371,0 -100.22734049,25.67682811,0 -100.22733032,25.67685175,0 -100.22731773,25.67687443,0 -100.22704903,25.67730643,0 -100.22703603,25.67732543,0 -100.22689023,25.67752013,0 -100.22687292,25.67754100,0 -100.22673830,25.67768791,0 -100.22660649,25.67783202,0 -100.22658645,25.67785183,0 -100.22656433,25.67786975,0 -100.22646633,25.67794155,0 -100.22644566,25.67795541,0 -100.22642375,25.67796761,0 -100.22630425,25.67802791,0 -100.22629507,25.67803235,0 -100.22614857,25.67810035,0 -100.22614584,25.67810160,0 -100.22600354,25.67816600,0 -100.22596572,25.67818029,0 -100.22581235,25.67822737,0 -100.22567870,25.67827538,0 -100.22557534,25.67831721,0 -100.22556187,25.67832232,0 -100.22539217,25.67838222,0 -100.22538692,25.67838402,0 -100.22526704,25.67842401,0 -100.22510705,25.67847811,0 -100.22507885,25.67848623,0 -100.22494662,25.67851793,0 -100.22473511,25.67857758,0 -100.22472448,25.67858039,0 -100.22453702,25.67862647,0 -100.22434660,25.67868771,0 -100.22433536,25.67869110,0 -100.22416046,25.67874040,0 -100.22415432,25.67874206,0 -100.22399943,25.67878246,0 -100.22384765,25.67883173,0 -100.22382761,25.67883753,0 -100.22363896,25.67888558,0 -100.22348719,25.67892727,0 -100.22345334,25.67893466,0 -100.22330044,25.67895966,0 -100.22326307,25.67896361,0 -100.22314337,25.67896941,0 -100.22311915,25.67896970,0 -100.22309498,25.67896822,0 -100.22294068,25.67895312,0 -100.22293576,25.67895260,0 -100.22270656,25.67892670,0 -100.22267644,25.67892188,0 -100.22256834,25.67889938,0 -100.22256122,25.67889781,0 -100.22237332,25.67885431,0 -100.22234407,25.67884608,0 -100.22218157,25.67879198,0 -100.22215353,25.67878115,0 -100.22201003,25.67871775,0 -100.22200814,25.67871691,0 -100.22185604,25.67864851,0 -100.22182966,25.67863511,0 -100.22166636,25.67854201,0 -100.22164816,25.67853076,0 -100.22163093,25.67851834,0 -100.22150043,25.67841694,0 -100.22148926,25.67840781,0 -100.22136016,25.67829681,0 -100.22134062,25.67827834,0 -100.22123479,25.67816833,0 -100.22113266,25.67806362,0 -100.22111832,25.67804774,0 -100.22110536,25.67803093,0 -100.22102961,25.67792426,0 -100.22098464,25.67786369,0 -100.22094025,25.67759402,0 -100.22092103,25.67724143,0 -100.22094025,25.67688883,0 -100.22096635,25.67673024,0 -100.22100318,25.67677026,0 -100.22110475,25.67685760,0 -100.22112449,25.67687628,0 -100.22123842,25.67699496,0 -100.22133821,25.67709176,0 -100.22133933,25.67709286,0 -100.22142293,25.67717486,0 -100.22144545,25.67719977,0 -100.22153995,25.67731807,0 -100.22154097,25.67731936,0 -100.22162507,25.67742596,0 -100.22163199,25.67743512,0 -100.22170664,25.67753848,0 -100.22179542,25.67763709,0 -100.22187216,25.67772115,0 -100.22194429,25.67778273,0 -100.22206544,25.67787410,0 -100.22214686,25.67792877,0 -100.22225429,25.67799783,0 -100.22232981,25.67803221,0 -100.22241877,25.67806933,0 -100.22254325,25.67811691,0 -100.22265867,25.67815687,0 -100.22278845,25.67819319,0 -100.22296263,25.67822953,0 -100.22308924,25.67824385,0 -100.22316904,25.67824919,0 -100.22325297,25.67824228,0 -100.22333392,25.67822614,0 -100.22344920,25.67819056,0 -100.22346641,25.67818576,0 -100.22362971,25.67814506,0 -100.22363367,25.67814410,0 -100.22375664,25.67811509,0 -100.22386303,25.67808609,0 -100.22404538,25.67802012,0 -100.22407605,25.67801073,0 -100.22427185,25.67796123,0 -100.22428431,25.67795834,0 -100.22441904,25.67792984,0 -100.22460432,25.67787664,0 -100.22461047,25.67787494,0 -100.22475594,25.67783625,0 -100.22494917,25.67778030,0 -100.22513841,25.67770486,0 -100.22516167,25.67769662,0 -100.22530531,25.67765185,0 -100.22542839,25.67760998,0 -100.22545789,25.67760149,0 -100.22556686,25.67757564,0 -100.22565004,25.67753913,0 -100.22565077,25.67753882,0 -100.22576457,25.67748922,0 -100.22576593,25.67748862,0 -100.22587477,25.67744180,0 -100.22594849,25.67740870,0 -100.22598636,25.67737653,0 -100.22608994,25.67725465,0 -100.22609273,25.67725142,0 -100.22619743,25.67713202,0 -100.22620041,25.67712868,0 -100.22632967,25.67698599,0 -100.22659359,25.67656628,0 -100.22662631,25.67650705,0 -100.22666541,25.67641908,0 -100.22667469,25.67640031,0 -100.22668553,25.67638222,0 -100.22673303,25.67630972,0 -100.22674503,25.67629287,0 -100.22675838,25.67627686,0 -100.22682368,25.67620436,0 -100.22685111,25.67617778,0 -100.22696796,25.67607883,0 -100.22706052,25.67598386,0 -100.22714714,25.67587565,0 -100.22727966,25.67570321,0 -100.22735140,25.67557231,0 -100.22736484,25.67555042,0 -100.22745714,25.67541522,0 -100.22747970,25.67538654,0 -100.22756240,25.67529474,0 -100.22757611,25.67528056,0 -100.22767931,25.67518106,0 -100.22769179,25.67516972,0 -100.22780249,25.67507492,0 -100.22782316,25.67505877,0 -100.22791996,25.67498987,0 -100.22792700,25.67498501,0 -100.22798481,25.67494632,0 -100.22799790,25.67495933,0 -100.22823123,25.67524288,0 -100.22843058,25.67554263,0 -100.22833191,25.67561507,0</coordinates></LinearRing></outerBoundaryIs></Polygon></Placemark></Folder><Folder><name>4. Áreas verdes y parques</name><Placemark><name>Gran Parque Ecológico La Pastora</name><description>Distancia al terreno: 0 m · Superficie: 1,184,578 m²
¡ATENCIÓN! Según OpenStreetMap, el 98 % del terreno queda dentro de este polígono. Verificar el régimen de uso de suelo con el municipio/estado.</description><Style><LineStyle><color>ff2e8b57</color><width>1</width></LineStyle><PolyStyle><color>5032cd32</color></PolyStyle></Style><Polygon><tessellate>1</tessellate><outerBoundaryIs><LinearRing><coordinates>-100.23131140,25.67626450,0 -100.23129160,25.67640520,0 -100.23169490,25.67658060,0 -100.23240030,25.67720780,0 -100.23328440,25.67769650,0 -100.23460650,25.67764860,0 -100.23557090,25.67711710,0 -100.23560050,25.67682460,0 -100.23599000,25.67685300,0 -100.23654120,25.67628160,0 -100.23710090,25.67570140,0 -100.23712150,25.67556040,0 -100.23714390,25.67541940,0 -100.23725160,25.67538070,0 -100.23834850,25.67498640,0 -100.23926560,25.67478680,0 -100.23965180,25.67473360,0 -100.23989890,25.67466750,0 -100.24014000,25.67460300,0 -100.24021510,25.67448700,0 -100.24071400,25.67441930,0 -100.24101440,25.67443870,0 -100.24112080,25.67465300,0 -100.24273250,25.67452830,0 -100.24297090,25.67446200,0 -100.24377280,25.67423920,0 -100.24400930,25.67416550,0 -100.24431110,25.67416790,0 -100.24425830,25.67401900,0 -100.24432020,25.67344680,0 -100.24527570,25.67263030,0 -100.24541640,25.67251230,0 -100.24731540,25.67146800,0 -100.24924660,25.67101350,0 -100.24970440,25.67100950,0 -100.25015540,25.67041120,0 -100.25011250,25.66994220,0 -100.25074010,25.66910090,0 -100.25077910,25.66905120,0 -100.25088550,25.66891590,0 -100.25132140,25.66824090,0 -100.25174060,25.66759190,0 -100.25206590,25.66708820,0 -100.25226900,25.66651420,0 -100.25249460,25.66634950,0 -100.25278470,25.66616020,0 -100.25306560,25.66596330,0 -100.25336870,25.66593880,0 -100.25365660,25.66604450,0 -100.25392700,25.66621980,0 -100.25455300,25.66669780,0 -100.25481830,25.66688450,0 -100.25501940,25.66691890,0 -100.25528120,25.66661070,0 -100.25555870,25.66665040,0 -100.25825910,25.66675440,0 -100.25999600,25.66632310,0 -100.26102310,25.66568340,0 -100.26163740,25.66524210,0 -100.26224660,25.66485000,0 -100.26307640,25.66393620,0 -100.26305140,25.66392880,0 -100.26314910,25.66368590,0 -100.26305710,25.66337330,0 -100.26274560,25.66276080,0 -100.26300050,25.66223760,0 -100.26328360,25.66198240,0 -100.26337560,25.66151660,0 -100.26312790,25.66122310,0 -100.26336280,25.66055170,0 -100.26319600,25.66047180,0 -100.26410830,25.66004140,0 -100.26441580,25.65993480,0 -100.26475290,25.65989770,0 -100.26527040,25.65991670,0 -100.26581240,25.66010020,0 -100.26679790,25.66057020,0 -100.26695420,25.66057550,0 -100.26727010,25.66056940,0 -100.26764260,25.66060470,0 -100.26839470,25.66079430,0 -100.26863400,25.65920140,0 -100.26850410,25.65921290,0 -100.26788000,25.65924410,0 -100.26729700,25.65912030,0 -100.26695060,25.65857260,0 -100.26457090,25.65791400,0 -100.26375850,25.65810780,0 -100.26314700,25.65824460,0 -100.26286070,25.65722480,0 -100.26288390,25.65712320,0 -100.26321930,25.65652390,0 -100.26368370,25.65596410,0 -100.26420740,25.65567100,0 -100.26392230,25.65551400,0 -100.26391230,25.65547950,0 -100.26370900,25.65546540,0 -100.26360390,25.65559000,0 -100.26363320,25.65568910,0 -100.26332420,25.65581050,0 -100.26343040,25.65591050,0 -100.26344560,25.65602530,0 -100.26236690,25.65755140,0 -100.26284280,25.65800930,0 -100.26264560,25.65817040,0 -100.26203860,25.65788160,0 -100.26170280,25.65789260,0 -100.26163270,25.65799710,0 -100.26140790,25.65831990,0 -100.26200080,25.65814040,0 -100.26239860,25.65829640,0 -100.26245690,25.65845920,0 -100.26241150,25.65869250,0 -100.26199240,25.65893130,0 -100.26181150,25.65906300,0 -100.26196780,25.65909350,0 -100.26155830,25.65984210,0 -100.26149950,25.65997560,0 -100.26162610,25.66019690,0 -100.26139200,25.66093970,0 -100.26131460,25.66185850,0 -100.26146460,25.66248830,0 -100.26140700,25.66281940,0 -100.26137620,25.66310260,0 -100.26139860,25.66358300,0 -100.26135610,25.66357350,0 -100.26094130,25.66425430,0 -100.26001360,25.66483740,0 -100.25858350,25.66552380,0 -100.25721520,25.66582180,0 -100.25588600,25.66584790,0 -100.25732130,25.66372020,0 -100.25749370,25.66337160,0 -100.25825790,25.66228540,0 -100.25833830,25.66205430,0 -100.25834260,25.66199750,0 -100.25829800,25.66189430,0 -100.25601060,25.66039910,0 -100.25585290,25.66034680,0 -100.25564070,25.66030880,0 -100.25543450,25.66030610,0 -100.25503660,25.66042990,0 -100.25437730,25.66086670,0 -100.25367340,25.66141360,0 -100.25312390,25.66171650,0 -100.25321400,25.66185710,0 -100.25360870,25.66181670,0 -100.25389810,25.66224130,0 -100.25371830,25.66234470,0 -100.25361380,25.66277720,0 -100.25383270,25.66335620,0 -100.25371570,25.66363630,0 -100.25273040,25.66490130,0 -100.25271950,25.66546530,0 -100.25258540,25.66550070,0 -100.25243520,25.66558620,0 -100.25234090,25.66565960,0 -100.25221920,25.66580710,0 -100.25211190,25.66591930,0 -100.25199360,25.66607360,0 -100.25186280,25.66629810,0 -100.25171030,25.66652260,0 -100.25035800,25.66783300,0 -100.24929980,25.66926320,0 -100.24855410,25.66979500,0 -100.24614740,25.67074910,0 -100.24395650,25.67226210,0 -100.24279540,25.67294950,0 -100.24147040,25.67336530,0 -100.23901700,25.67319380,0 -100.23870740,25.67409270,0 -100.23802380,25.67424770,0 -100.23800080,25.67424550,0 -100.23740320,25.67418930,0 -100.23741990,25.67449520,0 -100.23734400,25.67476410,0 -100.23706920,25.67502270,0 -100.23702490,25.67499010,0 -100.23697760,25.67494190,0 -100.23698000,25.67474820,0 -100.23685570,25.67453260,0 -100.23683320,25.67450320,0 -100.23678530,25.67445730,0 -100.23595070,25.67439880,0 -100.23582280,25.67522960,0 -100.23579120,25.67541680,0 -100.23565600,25.67552260,0 -100.23555200,25.67560400,0 -100.23527200,25.67560900,0 -100.23518300,25.67594490,0 -100.23510880,25.67609030,0 -100.23503270,25.67615550,0 -100.23484170,25.67622240,0 -100.23444480,25.67621570,0 -100.23432240,25.67657810,0 -100.23349620,25.67653940,0 -100.23336110,25.67629740,0 -100.23338150,25.67615940,0 -100.23295170,25.67606800,0 -100.23314930,25.67505910,0 -100.23277740,25.67502610,0 -100.23230130,25.67498100,0 -100.23223270,25.67532030,0 -100.23152950,25.67505540,0 -100.23155720,25.67484510,0 -100.23114330,25.67474660,0 -100.23075710,25.67462090,0 -100.23001680,25.67449520,0 -100.22950180,25.67448550,0 -100.22934810,25.67450190,0 -100.22919430,25.67452560,0 -100.22964850,25.67246070,0 -100.22937310,25.67246450,0 -100.22871860,25.67339280,0 -100.22827990,25.67485780,0 -100.22733020,25.67556950,0 -100.22684810,25.67593070,0 -100.22653250,25.67616720,0 -100.22638500,25.67627770,0 -100.22623490,25.67649690,0 -100.22619730,25.67652570,0 -100.22570020,25.67684490,0 -100.22334340,25.67641940,0 -100.22297870,25.67821790,0 -100.22254950,25.67816950,0 -100.22190580,25.67784080,0 -100.22154100,25.67747330,0 -100.22132640,25.67709620,0 -100.22138010,25.67685450,0 -100.22106890,25.67667080,0 -100.22112260,25.67648710,0 -100.22036080,25.67633240,0 -100.22019990,25.67616800,0 -100.21888030,25.67596490,0 -100.21865490,25.67609060,0 -100.21781810,25.67652570,0 -100.21743190,25.67722190,0 -100.21711000,25.67761840,0 -100.21687400,25.67900110,0 -100.21651990,25.67948450,0 -100.21604780,25.67980360,0 -100.21554360,25.67994870,0 -100.21482830,25.68016210,0 -100.21469460,25.68016750,0 -100.21466710,25.68038770,0 -100.21438820,25.68036840,0 -100.21399090,25.68027740,0 -100.21386120,25.68115710,0 -100.21466790,25.68105040,0 -100.21540410,25.68098330,0 -100.21588690,25.68096390,0 -100.21654140,25.68074150,0 -100.21697350,25.68037720,0 -100.21737700,25.68002510,0 -100.21753220,25.67982620,0 -100.21770010,25.67955220,0 -100.21811800,25.67898910,0 -100.21874360,25.67715850,0 -100.21881270,25.67709080,0 -100.21893200,25.67702070,0 -100.21908690,25.67698200,0 -100.21948790,25.67692880,0 -100.21988160,25.67693510,0 -100.22018910,25.67715750,0 -100.22027700,25.67742550,0 -100.22154100,25.67848860,0 -100.22208820,25.67882700,0 -100.22256020,25.67895270,0 -100.22305380,25.67901080,0 -100.22627200,25.67830820,0 -100.22655240,25.67826100,0 -100.22676190,25.67802220,0 -100.22708420,25.67755070,0 -100.22717370,25.67718650,0 -100.22750620,25.67672880,0 -100.22846110,25.67577150,0 -100.22855140,25.67561550,0 -100.22871650,25.67544830,0 -100.22894690,25.67529340,0 -100.22917440,25.67528900,0 -100.22942670,25.67532670,0 -100.22973610,25.67539100,0 -100.22995830,25.67553950,0 -100.23006970,25.67576880,0 -100.23027620,25.67584540,0 -100.23053560,25.67587140,0 -100.23115400,25.67601330,0 -100.23131140,25.67626450,0</coordinates></LinearRing></outerBoundaryIs></Polygon></Placemark><Placemark><name>Área verde</name><description>Distancia al terreno: 977 m · Superficie: 2,820 m²</description><Style><LineStyle><color>ff2e8b57</color><width>1</width></LineStyle><PolyStyle><color>5032cd32</color></PolyStyle></Style><Polygon><tessellate>1</tessellate><outerBoundaryIs><LinearRing><coordinates>-100.23480670,25.68020430,0 -100.23442590,25.68017770,0 -100.23439370,25.68020310,0 -100.23435350,25.68065150,0 -100.23454270,25.68066490,0 -100.23452940,25.68082750,0 -100.23479140,25.68084150,0 -100.23483080,25.68023330,0 -100.23480670,25.68020430,0</coordinates></LinearRing></outerBoundaryIs></Polygon></Placemark><Placemark><name>Área verde</name><description>Distancia al terreno: 991 m · Superficie: 2,317 m²</description><Style><LineStyle><color>ff2e8b57</color><width>1</width></LineStyle><PolyStyle><color>5032cd32</color></PolyStyle></Style><Polygon><tessellate>1</tessellate><outerBoundaryIs><LinearRing><coordinates>-100.23414060,25.67250990,0 -100.23429450,25.67241850,0 -100.23431720,25.67244460,0 -100.23499850,25.67204330,0 -100.23498370,25.67201670,0 -100.23514330,25.67191030,0 -100.23518430,25.67178510,0 -100.23515990,25.67174240,0 -100.23397430,25.67245310,0 -100.23397520,25.67249050,0 -100.23414060,25.67250990,0</coordinates></LinearRing></outerBoundaryIs></Polygon></Placemark><Placemark><name>Área verde</name><description>Distancia al terreno: 922 m · Superficie: 873 m²</description><Style><LineStyle><color>ff2e8b57</color><width>1</width></LineStyle><PolyStyle><color>5032cd32</color></PolyStyle></Style><Polygon><tessellate>1</tessellate><outerBoundaryIs><LinearRing><coordinates>-100.23402430,25.67270930,0 -100.23403820,25.67269140,0 -100.23404360,25.67266940,0 -100.23404060,25.67264490,0 -100.23402530,25.67262410,0 -100.23331740,25.67253170,0 -100.23331680,25.67255790,0 -100.23331480,25.67258850,0 -100.23330940,25.67261500,0 -100.23330260,25.67264040,0 -100.23329360,25.67266070,0 -100.23402430,25.67270930,0</coordinates></LinearRing></outerBoundaryIs></Polygon></Placemark><Placemark><name>Área verde</name><description>Distancia al terreno: 928 m · Superficie: 1,882 m²</description><Style><LineStyle><color>ff2e8b57</color><width>1</width></LineStyle><PolyStyle><color>5032cd32</color></PolyStyle></Style><Polygon><tessellate>1</tessellate><outerBoundaryIs><LinearRing><coordinates>-100.23338420,25.67166870,0 -100.23334890,25.67166310,0 -100.23298580,25.67160550,0 -100.23295870,25.67160120,0 -100.23289070,25.67199070,0 -100.23329860,25.67206370,0 -100.23338420,25.67166870,0</coordinates></LinearRing></outerBoundaryIs></Polygon></Placemark><Placemark><name>Área verde</name><description>Distancia al terreno: 835 m · Superficie: 989 m²</description><Style><LineStyle><color>ff2e8b57</color><width>1</width></LineStyle><PolyStyle><color>5032cd32</color></PolyStyle></Style><Polygon><tessellate>1</tessellate><outerBoundaryIs><LinearRing><coordinates>-100.23300840,25.67264760,0 -100.23299760,25.67260310,0 -100.23301910,25.67253090,0 -100.23224430,25.67246980,0 -100.23221960,25.67257950,0 -100.23300840,25.67264760,0</coordinates></LinearRing></outerBoundaryIs></Polygon></Placemark><Placemark><name>Área verde</name><description>Distancia al terreno: 779 m · Superficie: 667 m²</description><Style><LineStyle><color>ff2e8b57</color><width>1</width></LineStyle><PolyStyle><color>5032cd32</color></PolyStyle></Style><Polygon><tessellate>1</tessellate><outerBoundaryIs><LinearRing><coordinates>-100.23206400,25.67256840,0 -100.23208100,25.67247120,0 -100.23149250,25.67240880,0 -100.23147520,25.67251150,0 -100.23206400,25.67256840,0</coordinates></LinearRing></outerBoundaryIs></Polygon></Placemark><Placemark><name>Coahuila</name><description>Distancia al terreno: 977 m · Superficie: 4,385 m²</description><Style><LineStyle><color>ff2e8b57</color><width>1</width></LineStyle><PolyStyle><color>5032cd32</color></PolyStyle></Style><Polygon><tessellate>1</tessellate><outerBoundaryIs><LinearRing><coordinates>-100.23257330,25.66988830,0 -100.23262000,25.66964630,0 -100.23122130,25.66940850,0 -100.23122100,25.66943600,0 -100.23121670,25.66978310,0 -100.23160890,25.66979150,0 -100.23211910,25.66979990,0 -100.23257330,25.66988830,0</coordinates></LinearRing></outerBoundaryIs></Polygon></Placemark><Placemark><name>Ignacio Allende</name><description>Distancia al terreno: 667 m · Superficie: 2,903 m²</description><Style><LineStyle><color>ff2e8b57</color><width>1</width></LineStyle><PolyStyle><color>5032cd32</color></PolyStyle></Style><Polygon><tessellate>1</tessellate><outerBoundaryIs><LinearRing><coordinates>-100.23061980,25.67254850,0 -100.23051130,25.67302850,0 -100.23102880,25.67309730,0 -100.23112440,25.67259460,0 -100.23110470,25.67257890,0 -100.23061980,25.67254850,0</coordinates></LinearRing></outerBoundaryIs></Polygon></Placemark><Placemark><name>Área verde</name><description>Distancia al terreno: 608 m · Superficie: 2,670 m²</description><Style><LineStyle><color>ff2e8b57</color><width>1</width></LineStyle><PolyStyle><color>5032cd32</color></PolyStyle></Style><Polygon><tessellate>1</tessellate><outerBoundaryIs><LinearRing><coordinates>-100.23132150,25.67250040,0 -100.23133840,25.67243930,0 -100.23128910,25.67237820,0 -100.23059280,25.67233240,0 -100.22986880,25.67230050,0 -100.22876880,25.67220740,0 -100.22876110,25.67227550,0 -100.23062360,25.67245180,0 -100.23132150,25.67250040,0</coordinates></LinearRing></outerBoundaryIs></Polygon></Placemark><Placemark><name>Área verde</name><description>Distancia al terreno: 761 m · Superficie: 3,389 m²</description><Style><LineStyle><color>ff2e8b57</color><width>1</width></LineStyle><PolyStyle><color>5032cd32</color></PolyStyle></Style><Polygon><tessellate>1</tessellate><outerBoundaryIs><LinearRing><coordinates>-100.22848900,25.67041410,0 -100.22852910,25.67039380,0 -100.22869420,25.66964740,0 -100.22867590,25.66962140,0 -100.22839380,25.66959540,0 -100.22836330,25.66960710,0 -100.22811880,25.67037410,0 -100.22814010,25.67041410,0 -100.22848900,25.67041410,0</coordinates></LinearRing></outerBoundaryIs></Polygon></Placemark><Placemark><name>Área verde</name><description>Distancia al terreno: 553 m · Superficie: 775 m²</description><Style><LineStyle><color>ff2e8b57</color><width>1</width></LineStyle><PolyStyle><color>5032cd32</color></PolyStyle></Style><Polygon><tessellate>1</tessellate><outerBoundaryIs><LinearRing><coordinates>-100.22866250,25.67226440,0 -100.22866870,25.67221850,0 -100.22740390,25.67210470,0 -100.22739310,25.67216720,0 -100.22866250,25.67226440,0</coordinates></LinearRing></outerBoundaryIs></Polygon></Placemark><Placemark><name>Área verde</name><description>Distancia al terreno: 524 m · Superficie: 916 m²</description><Style><LineStyle><color>ff2e8b57</color><width>1</width></LineStyle><PolyStyle><color>5032cd32</color></PolyStyle></Style><Polygon><tessellate>1</tessellate><outerBoundaryIs><LinearRing><coordinates>-100.22494220,25.67195330,0 -100.22494830,25.67191170,0 -100.22324300,25.67176730,0 -100.22323840,25.67181730,0 -100.22478810,25.67194500,0 -100.22494220,25.67195330,0</coordinates></LinearRing></outerBoundaryIs></Polygon></Placemark><Placemark><name>Área verde</name><description>Distancia al terreno: 522 m · Superficie: 338 m²</description><Style><LineStyle><color>ff2e8b57</color><width>1</width></LineStyle><PolyStyle><color>5032cd32</color></PolyStyle></Style><Polygon><tessellate>1</tessellate><outerBoundaryIs><LinearRing><coordinates>-100.22563390,25.67201720,0 -100.22564310,25.67196720,0 -100.22505770,25.67191030,0 -100.22505310,25.67196310,0 -100.22563390,25.67201720,0</coordinates></LinearRing></outerBoundaryIs></Polygon></Placemark><Placemark><name>Camino Real</name><description>Distancia al terreno: 399 m · Superficie: 3,761 m²</description><Style><LineStyle><color>ff2e8b57</color><width>1</width></LineStyle><PolyStyle><color>5032cd32</color></PolyStyle></Style><Polygon><tessellate>1</tessellate><outerBoundaryIs><LinearRing><coordinates>-100.22538880,25.67311370,0 -100.22550970,25.67251330,0 -100.22495050,25.67246500,0 -100.22489810,25.67272830,0 -100.22483350,25.67305280,0 -100.22491690,25.67306190,0 -100.22538880,25.67311370,0</coordinates></LinearRing></outerBoundaryIs></Polygon></Placemark><Placemark><name>Área verde</name><description>Distancia al terreno: 524 m · Superficie: 1,034 m²</description><Style><LineStyle><color>ff2e8b57</color><width>1</width></LineStyle><PolyStyle><color>5032cd32</color></PolyStyle></Style><Polygon><tessellate>1</tessellate><outerBoundaryIs><LinearRing><coordinates>-100.22724990,25.67216160,0 -100.22726070,25.67209770,0 -100.22574020,25.67196860,0 -100.22573710,25.67199720,0 -100.22573400,25.67202550,0 -100.22724990,25.67216160,0</coordinates></LinearRing></outerBoundaryIs></Polygon></Placemark><Placemark><name>Área verde</name><description>Distancia al terreno: 37 m · Superficie: 3,692 m²</description><Style><LineStyle><color>ff2e8b57</color><width>1</width></LineStyle><PolyStyle><color>5032cd32</color></PolyStyle></Style><Polygon><tessellate>1</tessellate><outerBoundaryIs><LinearRing><coordinates>-100.22497700,25.67635230,0 -100.22507200,25.67601720,0 -100.22502760,25.67594980,0 -100.22433220,25.67578510,0 -100.22431120,25.67578720,0 -100.22429440,25.67579570,0 -100.22427580,25.67581090,0 -100.22419720,25.67618360,0 -100.22497700,25.67635230,0</coordinates></LinearRing></outerBoundaryIs></Polygon></Placemark><Placemark><name>Área verde</name><description>Distancia al terreno: 172 m · Superficie: 3,954 m²</description><Style><LineStyle><color>ff2e8b57</color><width>1</width></LineStyle><PolyStyle><color>5032cd32</color></PolyStyle></Style><Polygon><tessellate>1</tessellate><outerBoundaryIs><LinearRing><coordinates>-100.22368480,25.67935100,0 -100.22366740,25.67960840,0 -100.22374920,25.67961810,0 -100.22371170,25.67971480,0 -100.22368350,25.67988520,0 -100.22364600,25.67989120,0 -100.22362450,25.67998670,0 -100.22363660,25.67999640,0 -100.22363120,25.68003510,0 -100.22425080,25.68008700,0 -100.22412340,25.67973170,0 -100.22422130,25.67973650,0 -100.22409660,25.67932680,0 -100.22368480,25.67935100,0</coordinates></LinearRing></outerBoundaryIs></Polygon></Placemark><Placemark><name>Área verde</name><description>Distancia al terreno: 397 m · Superficie: 12,637 m²</description><Style><LineStyle><color>ff2e8b57</color><width>1</width></LineStyle><PolyStyle><color>5032cd32</color></PolyStyle></Style><Polygon><tessellate>1</tessellate><outerBoundaryIs><LinearRing><coordinates>-100.22373310,25.68382770,0 -100.22384850,25.68296840,0 -100.22391280,25.68297450,0 -100.22396380,25.68256960,0 -100.22397050,25.68250070,0 -100.22400000,25.68247050,0 -100.22404690,25.68246200,0 -100.22434470,25.68249340,0 -100.22437020,25.68206800,0 -100.22430440,25.68206440,0 -100.22434870,25.68162440,0 -100.22440200,25.68140390,0 -100.22436770,25.68140170,0 -100.22375750,25.68136260,0 -100.22373340,25.68136100,0 -100.22367550,25.68197130,0 -100.22372910,25.68196650,0 -100.22366070,25.68248130,0 -100.22360570,25.68246930,0 -100.22355740,25.68279070,0 -100.22359100,25.68280400,0 -100.22344340,25.68380110,0 -100.22373310,25.68382770,0</coordinates></LinearRing></outerBoundaryIs></Polygon></Placemark><Placemark><name>Área verde</name><description>Distancia al terreno: 430 m · Superficie: 2,302 m²</description><Style><LineStyle><color>ff2e8b57</color><width>1</width></LineStyle><PolyStyle><color>5032cd32</color></PolyStyle></Style><Polygon><tessellate>1</tessellate><outerBoundaryIs><LinearRing><coordinates>-100.22987200,25.67693200,0 -100.22991210,25.67622950,0 -100.22960090,25.67622950,0 -100.22958850,25.67691530,0 -100.22987200,25.67693200,0</coordinates></LinearRing></outerBoundaryIs></Polygon></Placemark><Placemark><name>Área verde</name><description>Distancia al terreno: 960 m · Superficie: 3,258 m²</description><Style><LineStyle><color>ff2e8b57</color><width>1</width></LineStyle><PolyStyle><color>5032cd32</color></PolyStyle></Style><Polygon><tessellate>1</tessellate><outerBoundaryIs><LinearRing><coordinates>-100.23043470,25.68486500,0 -100.23172350,25.68494260,0 -100.23178090,25.68452640,0 -100.23167910,25.68451940,0 -100.23043470,25.68486500,0</coordinates></LinearRing></outerBoundaryIs></Polygon></Placemark><Placemark><name>Área verde</name><description>Distancia al terreno: 996 m · Superficie: 2,889 m²</description><Style><LineStyle><color>ff2e8b57</color><width>1</width></LineStyle><PolyStyle><color>5032cd32</color></PolyStyle></Style><Polygon><tessellate>1</tessellate><outerBoundaryIs><LinearRing><coordinates>-100.22509080,25.68683370,0 -100.22449360,25.68679000,0 -100.22444930,25.68721780,0 -100.22504470,25.68726840,0 -100.22509080,25.68683370,0</coordinates></LinearRing></outerBoundaryIs></Polygon></Placemark><Placemark><name>Parque lineal Riberas del Río</name><description>Distancia al terreno: 811 m · Superficie: 28,288 m²</description><Style><LineStyle><color>ff2e8b57</color><width>1</width></LineStyle><PolyStyle><color>5032cd32</color></PolyStyle></Style><Polygon><tessellate>1</tessellate><outerBoundaryIs><LinearRing><coordinates>-100.22456470,25.68512390,0 -100.22419990,25.68536500,0 -100.22342130,25.68582730,0 -100.22334220,25.68586340,0 -100.22327380,25.68586420,0 -100.22209440,25.68570510,0 -100.22202190,25.68571130,0 -100.22191400,25.68573370,0 -100.22178730,25.68577110,0 -100.22138050,25.68589130,0 -100.22136530,25.68607270,0 -100.22136620,25.68613490,0 -100.22131380,25.68619930,0 -100.22124810,25.68629570,0 -100.22117560,25.68638570,0 -100.22106910,25.68651800,0 -100.22067940,25.68699790,0 -100.22035190,25.68746460,0 -100.22049940,25.68745640,0 -100.22097860,25.68747730,0 -100.22097390,25.68736790,0 -100.22122120,25.68718050,0 -100.22164880,25.68662490,0 -100.22245060,25.68671060,0 -100.22431860,25.68559330,0 -100.22463840,25.68533910,0 -100.22456470,25.68512390,0</coordinates></LinearRing></outerBoundaryIs></Polygon></Placemark><Placemark><name>Área verde</name><description>Distancia al terreno: 706 m · Superficie: 343 m²</description><Style><LineStyle><color>ff2e8b57</color><width>1</width></LineStyle><PolyStyle><color>5032cd32</color></PolyStyle></Style><Polygon><tessellate>1</tessellate><outerBoundaryIs><LinearRing><coordinates>-100.22154050,25.68392200,0 -100.22155520,25.68393530,0 -100.22159280,25.68394010,0 -100.22161470,25.68392210,0 -100.22168000,25.68365010,0 -100.22166520,25.68363070,0 -100.22157320,25.68362350,0 -100.22155390,25.68363920,0 -100.22154050,25.68392200,0</coordinates></LinearRing></outerBoundaryIs></Polygon></Placemark><Placemark><name>Área verde</name><description>Distancia al terreno: 554 m · Superficie: 7,265 m²</description><Style><LineStyle><color>ff2e8b57</color><width>1</width></LineStyle><PolyStyle><color>5032cd32</color></PolyStyle></Style><Polygon><tessellate>1</tessellate><outerBoundaryIs><LinearRing><coordinates>-100.21869060,25.67954320,0 -100.21865300,25.67956730,0 -100.21850820,25.68022360,0 -100.21852560,25.68025380,0 -100.21954220,25.68043760,0 -100.21939730,25.67968340,0 -100.21869060,25.67954320,0</coordinates></LinearRing></outerBoundaryIs></Polygon></Placemark><Placemark><name>Parque Coca Cola</name><description>Distancia al terreno: 785 m · Superficie: 42,165 m²</description><Style><LineStyle><color>ff2e8b57</color><width>1</width></LineStyle><PolyStyle><color>5032cd32</color></PolyStyle></Style><Polygon><tessellate>1</tessellate><outerBoundaryIs><LinearRing><coordinates>-100.21807010,25.68182060,0 -100.21673560,25.68161460,0 -100.21694810,25.68313630,0 -100.21639260,25.68316340,0 -100.21638390,25.68389710,0 -100.21890240,25.68394160,0 -100.21887860,25.68347200,0 -100.21820880,25.68265180,0 -100.21800260,25.68242450,0 -100.21807010,25.68182060,0</coordinates></LinearRing></outerBoundaryIs></Polygon></Placemark><Placemark><name>Área verde</name><description>Distancia al terreno: 594 m · Superficie: 17,117 m²</description><Style><LineStyle><color>ff2e8b57</color><width>1</width></LineStyle><PolyStyle><color>5032cd32</color></PolyStyle></Style><Polygon><tessellate>1</tessellate><outerBoundaryIs><LinearRing><coordinates>-100.22016580,25.68383620,0 -100.22016440,25.68350380,0 -100.22006520,25.68303850,0 -100.22000220,25.68271820,0 -100.21979970,25.68189520,0 -100.21990830,25.68187220,0 -100.21971380,25.68094280,0 -100.21920690,25.68110350,0 -100.21829090,25.68167040,0 -100.21828420,25.68169450,0 -100.21830300,25.68175620,0 -100.21832580,25.68175980,0 -100.21924180,25.68176700,0 -100.21995660,25.68348690,0 -100.21990700,25.68348810,0 -100.21990560,25.68382170,0 -100.22016580,25.68383620,0</coordinates></LinearRing></outerBoundaryIs></Polygon></Placemark><Placemark><name>Área verde</name><description>Distancia al terreno: 91 m · Superficie: 33,376 m²</description><Style><LineStyle><color>ff2e8b57</color><width>1</width></LineStyle><PolyStyle><color>5032cd32</color></PolyStyle></Style><Polygon><tessellate>1</tessellate><outerBoundaryIs><LinearRing><coordinates>-100.22626650,25.67962020,0 -100.22627200,25.67830820,0 -100.22305380,25.67901080,0 -100.22256020,25.67895270,0 -100.22208820,25.67882700,0 -100.22154100,25.67848860,0 -100.22027700,25.67742550,0 -100.22018910,25.67715750,0 -100.21996370,25.67699130,0 -100.21994220,25.67701180,0 -100.22000360,25.67705450,0 -100.22010950,25.67713670,0 -100.22014980,25.67717900,0 -100.22017390,25.67722860,0 -100.22018860,25.67729870,0 -100.22021680,25.67748600,0 -100.22022990,25.67753250,0 -100.22025070,25.67757450,0 -100.22028180,25.67761350,0 -100.22053880,25.67784600,0 -100.22082570,25.67812300,0 -100.22107260,25.67834150,0 -100.22121090,25.67844680,0 -100.22134740,25.67853880,0 -100.22186360,25.67886820,0 -100.22193680,25.67892370,0 -100.22201860,25.67900290,0 -100.22204540,25.67906690,0 -100.22205140,25.67912980,0 -100.22204470,25.67926090,0 -100.22264020,25.67926520,0 -100.22384720,25.67929900,0 -100.22461700,25.67932080,0 -100.22520840,25.67936060,0 -100.22546720,25.67939570,0 -100.22566970,25.67943440,0 -100.22626650,25.67962020,0</coordinates></LinearRing></outerBoundaryIs></Polygon></Placemark><Placemark><name>Área verde</name><description>Distancia al terreno: 416 m · Superficie: 1,981 m²</description><Style><LineStyle><color>ff2e8b57</color><width>1</width></LineStyle><PolyStyle><color>5032cd32</color></PolyStyle></Style><Polygon><tessellate>1</tessellate><outerBoundaryIs><LinearRing><coordinates>-100.22003440,25.67717060,0 -100.21999680,25.67717660,0 -100.21976880,25.67766370,0 -100.21978890,25.67769750,0 -100.22035220,25.67779060,0 -100.22036830,25.67778580,0 -100.22038300,25.67777130,0 -100.22037770,25.67775070,0 -100.22017920,25.67757300,0 -100.22011750,25.67722980,0 -100.22003440,25.67717060,0</coordinates></LinearRing></outerBoundaryIs></Polygon></Placemark><Placemark><name>Área verde</name><description>Distancia al terreno: 731 m · Superficie: 1,068 m²</description><Style><LineStyle><color>ff2e8b57</color><width>1</width></LineStyle><PolyStyle><color>5032cd32</color></PolyStyle></Style><Polygon><tessellate>1</tessellate><outerBoundaryIs><LinearRing><coordinates>-100.21919910,25.67142160,0 -100.21916980,25.67152710,0 -100.22016380,25.67158690,0 -100.22018090,25.67155890,0 -100.22019740,25.67150490,0 -100.21919910,25.67142160,0</coordinates></LinearRing></outerBoundaryIs></Polygon></Placemark><Placemark><name>Área verde</name><description>Distancia al terreno: 749 m · Superficie: 1,618 m²</description><Style><LineStyle><color>ff2e8b57</color><width>1</width></LineStyle><PolyStyle><color>5032cd32</color></PolyStyle></Style><Polygon><tessellate>1</tessellate><outerBoundaryIs><LinearRing><coordinates>-100.22017200,25.67138130,0 -100.22020460,25.67126550,0 -100.21928000,25.67112240,0 -100.21924260,25.67131180,0 -100.22017200,25.67138130,0</coordinates></LinearRing></outerBoundaryIs></Polygon></Placemark><Placemark><name>Área verde</name><description>Distancia al terreno: 685 m · Superficie: 468 m²</description><Style><LineStyle><color>ff2e8b57</color><width>1</width></LineStyle><PolyStyle><color>5032cd32</color></PolyStyle></Style><Polygon><tessellate>1</tessellate><outerBoundaryIs><LinearRing><coordinates>-100.22084440,25.67164510,0 -100.22085820,25.67156870,0 -100.22032210,25.67151740,0 -100.22030830,25.67159510,0 -100.22084440,25.67164510,0</coordinates></LinearRing></outerBoundaryIs></Polygon></Placemark><Placemark><name>Área verde</name><description>Distancia al terreno: 613 m · Superficie: 696 m²</description><Style><LineStyle><color>ff2e8b57</color><width>1</width></LineStyle><PolyStyle><color>5032cd32</color></PolyStyle></Style><Polygon><tessellate>1</tessellate><outerBoundaryIs><LinearRing><coordinates>-100.22213020,25.67170120,0 -100.22213360,25.67165280,0 -100.22099300,25.67155190,0 -100.22098390,25.67161170,0 -100.22213020,25.67170120,0</coordinates></LinearRing></outerBoundaryIs></Polygon></Placemark><Placemark><name>Área verde</name><description>Distancia al terreno: 569 m · Superficie: 314 m²</description><Style><LineStyle><color>ff2e8b57</color><width>1</width></LineStyle><PolyStyle><color>5032cd32</color></PolyStyle></Style><Polygon><tessellate>1</tessellate><outerBoundaryIs><LinearRing><coordinates>-100.22302270,25.67180200,0 -100.22303650,25.67174920,0 -100.22277470,25.67172150,0 -100.22252660,25.67171590,0 -100.22251580,25.67176170,0 -100.22302270,25.67180200,0</coordinates></LinearRing></outerBoundaryIs></Polygon></Placemark><Placemark><name>Área verde</name><description>Distancia al terreno: 784 m · Superficie: 6,082 m²</description><Style><LineStyle><color>ff2e8b57</color><width>1</width></LineStyle><PolyStyle><color>5032cd32</color></PolyStyle></Style><Polygon><tessellate>1</tessellate><outerBoundaryIs><LinearRing><coordinates>-100.21904580,25.67162280,0 -100.21735400,25.67143820,0 -100.21728570,25.67173910,0 -100.21897750,25.67195110,0 -100.21904580,25.67162280,0</coordinates></LinearRing></outerBoundaryIs></Polygon></Placemark><Placemark><name>Área verde</name><description>Distancia al terreno: 811 m · Superficie: 3,245 m²</description><Style><LineStyle><color>ff2e8b57</color><width>1</width></LineStyle><PolyStyle><color>5032cd32</color></PolyStyle></Style><Polygon><tessellate>1</tessellate><outerBoundaryIs><LinearRing><coordinates>-100.21906200,25.67152710,0 -100.21908970,25.67141320,0 -100.21743060,25.67114800,0 -100.21739980,25.67117020,0 -100.21737050,25.67136740,0 -100.21906200,25.67152710,0</coordinates></LinearRing></outerBoundaryIs></Polygon></Placemark><Placemark><name>Área verde</name><description>Distancia al terreno: 960 m · Superficie: 654 m²</description><Style><LineStyle><color>ff2e8b57</color><width>1</width></LineStyle><PolyStyle><color>5032cd32</color></PolyStyle></Style><Polygon><tessellate>1</tessellate><outerBoundaryIs><LinearRing><coordinates>-100.21726730,25.67134100,0 -100.21731040,25.67120630,0 -100.21730430,25.67117440,0 -100.21662330,25.67124240,0 -100.21661870,25.67127990,0 -100.21677890,25.67127580,0 -100.21699310,25.67128830,0 -100.21726730,25.67134100,0</coordinates></LinearRing></outerBoundaryIs></Polygon></Placemark><Placemark><name>Área verde</name><description>Distancia al terreno: 982 m · Superficie: 803 m²</description><Style><LineStyle><color>ff2e8b57</color><width>1</width></LineStyle><PolyStyle><color>5032cd32</color></PolyStyle></Style><Polygon><tessellate>1</tessellate><outerBoundaryIs><LinearRing><coordinates>-100.21629520,25.67228100,0 -100.21638150,25.67181450,0 -100.21635220,25.67179510,0 -100.21624440,25.67196580,0 -100.21605180,25.67235180,0 -100.21606720,25.67237130,0 -100.21629520,25.67228100,0</coordinates></LinearRing></outerBoundaryIs></Polygon></Placemark><Placemark><name>Área verde</name><description>Distancia al terreno: 971 m · Superficie: 665 m²</description><Style><LineStyle><color>ff2e8b57</color><width>1</width></LineStyle><PolyStyle><color>5032cd32</color></PolyStyle></Style><Polygon><tessellate>1</tessellate><outerBoundaryIs><LinearRing><coordinates>-100.21576370,25.67353340,0 -100.21586850,25.67282390,0 -100.21578070,25.67286280,0 -100.21567280,25.67352780,0 -100.21576370,25.67353340,0</coordinates></LinearRing></outerBoundaryIs></Polygon></Placemark><Placemark><name>Área verde</name><description>Distancia al terreno: 995 m · Superficie: 243 m²</description><Style><LineStyle><color>ff2e8b57</color><width>1</width></LineStyle><PolyStyle><color>5032cd32</color></PolyStyle></Style><Polygon><tessellate>1</tessellate><outerBoundaryIs><LinearRing><coordinates>-100.21588390,25.67274200,0 -100.21592240,25.67249620,0 -100.21583460,25.67253090,0 -100.21578380,25.67278780,0 -100.21583900,25.67276250,0 -100.21588390,25.67274200,0</coordinates></LinearRing></outerBoundaryIs></Polygon></Placemark><Placemark><name>Área verde</name><description>Distancia al terreno: 951 m · Superficie: 803 m²</description><Style><LineStyle><color>ff2e8b57</color><width>1</width></LineStyle><PolyStyle><color>5032cd32</color></PolyStyle></Style><Polygon><tessellate>1</tessellate><outerBoundaryIs><LinearRing><coordinates>-100.21558190,25.67467190,0 -100.21571910,25.67381250,0 -100.21566910,25.67380590,0 -100.21562660,25.67380000,0 -100.21550950,25.67467610,0 -100.21558190,25.67467190,0</coordinates></LinearRing></outerBoundaryIs></Polygon></Placemark></Folder><Folder><name>5. Equipamiento educativo</name><Placemark><name>Escuela Primaria Veinte de Noviembre</name><description>Categoría: elementary_school
Distancia al terreno: 146 m
Fuente: Overture Maps (2026)</description><Style><IconStyle><color>ff00d7ff</color><Icon><href>http://maps.google.com/mapfiles/kml/shapes/schools.png</href></Icon></IconStyle><LabelStyle><scale>0.7</scale></LabelStyle></Style><Point><coordinates>-100.22626131,25.67577374,0</coordinates></Point></Placemark><Placemark><name>Centro de Intervención en Trastornos del Aprendizaje y de la Comunicación</name><description>Categoría: place_of_learning
Distancia al terreno: 195 m
Fuente: Overture Maps (2026)</description><Style><IconStyle><color>ff00d7ff</color><Icon><href>http://maps.google.com/mapfiles/kml/shapes/schools.png</href></Icon></IconStyle><LabelStyle><scale>0.7</scale></LabelStyle></Style><Point><coordinates>-100.22524000,25.67949000,0</coordinates></Point></Placemark><Placemark><name>Jardín de Niños Pipila</name><description>Categoría: preschool
Distancia al terreno: 257 m
Fuente: Overture Maps (2026)</description><Style><IconStyle><color>ff00d7ff</color><Icon><href>http://maps.google.com/mapfiles/kml/shapes/schools.png</href></Icon></IconStyle><LabelStyle><scale>0.7</scale></LabelStyle></Style><Point><coordinates>-100.22421784,25.68013008,0</coordinates></Point></Placemark><Placemark><name>CEDHI Centro Educativo y Desarrollo de Habilidades Intelectuales</name><description>Categoría: place_of_learning
Distancia al terreno: 341 m
Fuente: Overture Maps (2026)</description><Style><IconStyle><color>ff00d7ff</color><Icon><href>http://maps.google.com/mapfiles/kml/shapes/schools.png</href></Icon></IconStyle><LabelStyle><scale>0.7</scale></LabelStyle></Style><Point><coordinates>-100.22269249,25.68041699,0</coordinates></Point></Placemark><Placemark><name>Escuela Primaria Federal Juan Escutia</name><description>Categoría: elementary_school
Distancia al terreno: 344 m
Fuente: Overture Maps (2026)</description><Style><IconStyle><color>ff00d7ff</color><Icon><href>http://maps.google.com/mapfiles/kml/shapes/schools.png</href></Icon></IconStyle><LabelStyle><scale>0.7</scale></LabelStyle></Style><Point><coordinates>-100.22405736,25.68089475,0</coordinates></Point></Placemark><Placemark><name>Escuela Primaria Juárez y la Patria</name><description>Categoría: elementary_school
Distancia al terreno: 371 m
Fuente: Overture Maps (2026)</description><Style><IconStyle><color>ff00d7ff</color><Icon><href>http://maps.google.com/mapfiles/kml/shapes/schools.png</href></Icon></IconStyle><LabelStyle><scale>0.7</scale></LabelStyle></Style><Point><coordinates>-100.22523054,25.67334673,0</coordinates></Point></Placemark><Placemark><name>Colegio Fernández de Lizardi</name><description>Categoría: place_of_learning
Distancia al terreno: 419 m
Fuente: Overture Maps (2026)</description><Style><IconStyle><color>ff00d7ff</color><Icon><href>http://maps.google.com/mapfiles/kml/shapes/schools.png</href></Icon></IconStyle><LabelStyle><scale>0.7</scale></LabelStyle></Style><Point><coordinates>-100.22363023,25.67304797,0</coordinates></Point></Placemark><Placemark><name>Escuela Secundaria Técnica 54 Prof. Leoncio Isaac Salazar Castillo</name><description>Categoría: place_of_learning
Distancia al terreno: 427 m
Fuente: Overture Maps (2026)</description><Style><IconStyle><color>ff00d7ff</color><Icon><href>http://maps.google.com/mapfiles/kml/shapes/schools.png</href></Icon></IconStyle><LabelStyle><scale>0.7</scale></LabelStyle></Style><Point><coordinates>-100.22212971,25.68100971,0</coordinates></Point></Placemark><Placemark><name>Jardín de Niños Margarita Maza de Juárez</name><description>Categoría: preschool
Distancia al terreno: 512 m
Fuente: Overture Maps (2026)</description><Style><IconStyle><color>ff00d7ff</color><Icon><href>http://maps.google.com/mapfiles/kml/shapes/schools.png</href></Icon></IconStyle><LabelStyle><scale>0.7</scale></LabelStyle></Style><Point><coordinates>-100.22525054,25.67207107,0</coordinates></Point></Placemark><Placemark><name>Instituto Universitario Mexico Americano</name><description>Categoría: college_university
Distancia al terreno: 560 m
Fuente: Overture Maps (2026)</description><Style><IconStyle><color>ff00d7ff</color><Icon><href>http://maps.google.com/mapfiles/kml/shapes/schools.png</href></Icon></IconStyle><LabelStyle><scale>0.7</scale></LabelStyle></Style><Point><coordinates>-100.21955000,25.67494000,0</coordinates></Point></Placemark><Placemark><name>Secundaria 16 Carmen Serdan</name><description>Categoría: middle_school
Distancia al terreno: 572 m
Fuente: Overture Maps (2026)</description><Style><IconStyle><color>ff00d7ff</color><Icon><href>http://maps.google.com/mapfiles/kml/shapes/schools.png</href></Icon></IconStyle><LabelStyle><scale>0.7</scale></LabelStyle></Style><Point><coordinates>-100.22516694,25.67152559,0</coordinates></Point></Placemark><Placemark><name>Escuela Secundaria Número 14</name><description>Categoría: place_of_learning
Distancia al terreno: 572 m
Fuente: Overture Maps (2026)</description><Style><IconStyle><color>ff00d7ff</color><Icon><href>http://maps.google.com/mapfiles/kml/shapes/schools.png</href></Icon></IconStyle><LabelStyle><scale>0.7</scale></LabelStyle></Style><Point><coordinates>-100.22519008,25.67152570,0</coordinates></Point></Placemark><Placemark><name>Academia de Musica Fusion</name><description>Categoría: specialty_school
Distancia al terreno: 760 m
Fuente: Overture Maps (2026)</description><Style><IconStyle><color>ff00d7ff</color><Icon><href>http://maps.google.com/mapfiles/kml/shapes/schools.png</href></Icon></IconStyle><LabelStyle><scale>0.7</scale></LabelStyle></Style><Point><coordinates>-100.22799554,25.67037771,0</coordinates></Point></Placemark><Placemark><name>Lic.Melchor Ocampo</name><description>Categoría: place_of_learning
Distancia al terreno: 771 m
Fuente: Overture Maps (2026)</description><Style><IconStyle><color>ff00d7ff</color><Icon><href>http://maps.google.com/mapfiles/kml/shapes/schools.png</href></Icon></IconStyle><LabelStyle><scale>0.7</scale></LabelStyle></Style><Point><coordinates>-100.22253793,25.67003447,0</coordinates></Point></Placemark><Placemark><name>Aprende YA</name><description>Categoría: specialty_school
Distancia al terreno: 785 m
Fuente: Overture Maps (2026)</description><Style><IconStyle><color>ff00d7ff</color><Icon><href>http://maps.google.com/mapfiles/kml/shapes/schools.png</href></Icon></IconStyle><LabelStyle><scale>0.7</scale></LabelStyle></Style><Point><coordinates>-100.22039652,25.68382530,0</coordinates></Point></Placemark><Placemark><name>Jose Amva</name><description>Categoría: college_university
Distancia al terreno: 792 m
Fuente: Overture Maps (2026)</description><Style><IconStyle><color>ff00d7ff</color><Icon><href>http://maps.google.com/mapfiles/kml/shapes/schools.png</href></Icon></IconStyle><LabelStyle><scale>0.7</scale></LabelStyle></Style><Point><coordinates>-100.21745000,25.68100000,0</coordinates></Point></Placemark><Placemark><name>Academia Legato Ingles y Musica</name><description>Categoría: specialty_school
Distancia al terreno: 796 m
Fuente: Overture Maps (2026)</description><Style><IconStyle><color>ff00d7ff</color><Icon><href>http://maps.google.com/mapfiles/kml/shapes/schools.png</href></Icon></IconStyle><LabelStyle><scale>0.7</scale></LabelStyle></Style><Point><coordinates>-100.22227202,25.68470011,0</coordinates></Point></Placemark><Placemark><name>Colegio Cerro de la Silla</name><description>Categoría: elementary_school
Distancia al terreno: 818 m
Fuente: Overture Maps (2026)</description><Style><IconStyle><color>ff00d7ff</color><Icon><href>http://maps.google.com/mapfiles/kml/shapes/schools.png</href></Icon></IconStyle><LabelStyle><scale>0.7</scale></LabelStyle></Style><Point><coordinates>-100.21804356,25.68229345,0</coordinates></Point></Placemark><Placemark><name>JN Leonardo Da Vinci</name><description>Categoría: preschool
Distancia al terreno: 821 m
Fuente: Overture Maps (2026)</description><Style><IconStyle><color>ff00d7ff</color><Icon><href>http://maps.google.com/mapfiles/kml/shapes/schools.png</href></Icon></IconStyle><LabelStyle><scale>0.7</scale></LabelStyle></Style><Point><coordinates>-100.22278653,25.66950095,0</coordinates></Point></Placemark><Placemark><name>Clover kids</name><description>Categoría: specialty_school
Distancia al terreno: 856 m
Fuente: Overture Maps (2026)</description><Style><IconStyle><color>ff00d7ff</color><Icon><href>http://maps.google.com/mapfiles/kml/shapes/schools.png</href></Icon></IconStyle><LabelStyle><scale>0.7</scale></LabelStyle></Style><Point><coordinates>-100.21924000,25.68388000,0</coordinates></Point></Placemark><Placemark><name>CEC - Colegio de Estudios Contemporáneos</name><description>Categoría: place_of_learning
Distancia al terreno: 874 m
Fuente: Overture Maps (2026)</description><Style><IconStyle><color>ff00d7ff</color><Icon><href>http://maps.google.com/mapfiles/kml/shapes/schools.png</href></Icon></IconStyle><LabelStyle><scale>0.7</scale></LabelStyle></Style><Point><coordinates>-100.23383000,25.67838000,0</coordinates></Point></Placemark><Placemark><name>Merceria y Papeleria MAPY</name><description>Categoría: place_of_learning
Distancia al terreno: 879 m
Fuente: Overture Maps (2026)</description><Style><IconStyle><color>ff00d7ff</color><Icon><href>http://maps.google.com/mapfiles/kml/shapes/schools.png</href></Icon></IconStyle><LabelStyle><scale>0.7</scale></LabelStyle></Style><Point><coordinates>-100.23219000,25.67187000,0</coordinates></Point></Placemark><Placemark><name>Escuela Primaria Manuel L. Barragán</name><description>Categoría: elementary_school
Distancia al terreno: 880 m
Fuente: Overture Maps (2026)</description><Style><IconStyle><color>ff00d7ff</color><Icon><href>http://maps.google.com/mapfiles/kml/shapes/schools.png</href></Icon></IconStyle><LabelStyle><scale>0.7</scale></LabelStyle></Style><Point><coordinates>-100.22137554,25.68522340,0</coordinates></Point></Placemark><Placemark><name>Escuela Secundaria Número 22 Ejército Nacional Mexicano</name><description>Categoría: place_of_learning
Distancia al terreno: 885 m
Fuente: Overture Maps (2026)</description><Style><IconStyle><color>ff00d7ff</color><Icon><href>http://maps.google.com/mapfiles/kml/shapes/schools.png</href></Icon></IconStyle><LabelStyle><scale>0.7</scale></LabelStyle></Style><Point><coordinates>-100.22626079,25.66881408,0</coordinates></Point></Placemark><Placemark><name>Escuela Primaria Timoteo L. Hernandez</name><description>Categoría: elementary_school
Distancia al terreno: 894 m
Fuente: Overture Maps (2026)</description><Style><IconStyle><color>ff00d7ff</color><Icon><href>http://maps.google.com/mapfiles/kml/shapes/schools.png</href></Icon></IconStyle><LabelStyle><scale>0.7</scale></LabelStyle></Style><Point><coordinates>-100.23308873,25.68119077,0</coordinates></Point></Placemark><Placemark><name>Instituto Emmanuel Kant</name><description>Categoría: place_of_learning
Distancia al terreno: 899 m
Fuente: Overture Maps (2026)</description><Style><IconStyle><color>ff00d7ff</color><Icon><href>http://maps.google.com/mapfiles/kml/shapes/schools.png</href></Icon></IconStyle><LabelStyle><scale>0.7</scale></LabelStyle></Style><Point><coordinates>-100.23289239,25.68165065,0</coordinates></Point></Placemark><Placemark><name>Mr George Academy</name><description>Categoría: specialty_school
Distancia al terreno: 954 m
Fuente: Overture Maps (2026)</description><Style><IconStyle><color>ff00d7ff</color><Icon><href>http://maps.google.com/mapfiles/kml/shapes/schools.png</href></Icon></IconStyle><LabelStyle><scale>0.7</scale></LabelStyle></Style><Point><coordinates>-100.21550953,25.67482774,0</coordinates></Point></Placemark><Placemark><name>Escuela Primaria Federal Niños Héroes</name><description>Categoría: elementary_school
Distancia al terreno: 960 m
Fuente: Overture Maps (2026)</description><Style><IconStyle><color>ff00d7ff</color><Icon><href>http://maps.google.com/mapfiles/kml/shapes/schools.png</href></Icon></IconStyle><LabelStyle><scale>0.7</scale></LabelStyle></Style><Point><coordinates>-100.23165049,25.67029667,0</coordinates></Point></Placemark><Placemark><name>Centro Educativo Siglo XXI</name><description>Categoría: place_of_learning
Distancia al terreno: 962 m
Fuente: Overture Maps (2026)</description><Style><IconStyle><color>ff00d7ff</color><Icon><href>http://maps.google.com/mapfiles/kml/shapes/schools.png</href></Icon></IconStyle><LabelStyle><scale>0.7</scale></LabelStyle></Style><Point><coordinates>-100.22886964,25.66873682,0</coordinates></Point></Placemark><Placemark><name>Jardin de Ninos Pedro Maria Anaya</name><description>Categoría: preschool
Distancia al terreno: 969 m
Fuente: Overture Maps (2026)</description><Style><IconStyle><color>ff00d7ff</color><Icon><href>http://maps.google.com/mapfiles/kml/shapes/schools.png</href></Icon></IconStyle><LabelStyle><scale>0.7</scale></LabelStyle></Style><Point><coordinates>-100.21503081,25.67948026,0</coordinates></Point></Placemark><Placemark><name>Estancia Infantil Rainbow Town</name><description>Categoría: preschool
Distancia al terreno: 969 m
Fuente: Overture Maps (2026)</description><Style><IconStyle><color>ff00d7ff</color><Icon><href>http://maps.google.com/mapfiles/kml/shapes/schools.png</href></Icon></IconStyle><LabelStyle><scale>0.7</scale></LabelStyle></Style><Point><coordinates>-100.22873291,25.68579011,0</coordinates></Point></Placemark><Placemark><name>Escuela Joaquin Baranda</name><description>Categoría: middle_school
Distancia al terreno: 974 m
Fuente: Overture Maps (2026)</description><Style><IconStyle><color>ff00d7ff</color><Icon><href>http://maps.google.com/mapfiles/kml/shapes/schools.png</href></Icon></IconStyle><LabelStyle><scale>0.7</scale></LabelStyle></Style><Point><coordinates>-100.22671769,25.68636574,0</coordinates></Point></Placemark><Placemark><name>Biblioteca Publica Dr. Pablo Serna Trevino</name><description>Categoría: library
Distancia al terreno: 977 m
Fuente: Overture Maps (2026)</description><Style><IconStyle><color>ff00d7ff</color><Icon><href>http://maps.google.com/mapfiles/kml/shapes/schools.png</href></Icon></IconStyle><LabelStyle><scale>0.7</scale></LabelStyle></Style><Point><coordinates>-100.23443256,25.68010429,0</coordinates></Point></Placemark><Placemark><name>Centro Pedagógico Cumbres de Estudios Superiores</name><description>Categoría: place_of_learning
Distancia al terreno: 978 m
Fuente: Overture Maps (2026)</description><Style><IconStyle><color>ff00d7ff</color><Icon><href>http://maps.google.com/mapfiles/kml/shapes/schools.png</href></Icon></IconStyle><LabelStyle><scale>0.7</scale></LabelStyle></Style><Point><coordinates>-100.21551443,25.67395893,0</coordinates></Point></Placemark></Folder><Folder><name>6. Salud</name><Placemark><name>Dental Shine</name><description>Categoría: dental_clinic
Distancia al terreno: 174 m
Fuente: Overture Maps (2026)</description><Style><IconStyle><color>ff0000ff</color><Icon><href>http://maps.google.com/mapfiles/kml/shapes/hospitals.png</href></Icon></IconStyle><LabelStyle><scale>0.7</scale></LabelStyle></Style><Point><coordinates>-100.22326096,25.67595040,0</coordinates></Point></Placemark><Placemark><name>Dra. Azucena E. Castro Martínez</name><description>Categoría: dental_clinic
Distancia al terreno: 275 m
Fuente: Overture Maps (2026)</description><Style><IconStyle><color>ff0000ff</color><Icon><href>http://maps.google.com/mapfiles/kml/shapes/hospitals.png</href></Icon></IconStyle><LabelStyle><scale>0.7</scale></LabelStyle></Style><Point><coordinates>-100.22650401,25.67981916,0</coordinates></Point></Placemark><Placemark><name>Centro Odontológico Guadalupe</name><description>Categoría: dental_clinic
Distancia al terreno: 310 m
Fuente: Overture Maps (2026)</description><Style><IconStyle><color>ff0000ff</color><Icon><href>http://maps.google.com/mapfiles/kml/shapes/hospitals.png</href></Icon></IconStyle><LabelStyle><scale>0.7</scale></LabelStyle></Style><Point><coordinates>-100.22835816,25.67719591,0</coordinates></Point></Placemark><Placemark><name>Psicóloga Crystal Cruz</name><description>Categoría: behavioral_or_mental_health_clinic
Distancia al terreno: 325 m
Fuente: Overture Maps (2026)</description><Style><IconStyle><color>ff0000ff</color><Icon><href>http://maps.google.com/mapfiles/kml/shapes/hospitals.png</href></Icon></IconStyle><LabelStyle><scale>0.7</scale></LabelStyle></Style><Point><coordinates>-100.22511695,25.68070552,0</coordinates></Point></Placemark><Placemark><name>Clínica de Especialidades Dentales Clides</name><description>Categoría: dental_clinic
Distancia al terreno: 334 m
Fuente: Overture Maps (2026)</description><Style><IconStyle><color>ff0000ff</color><Icon><href>http://maps.google.com/mapfiles/kml/shapes/hospitals.png</href></Icon></IconStyle><LabelStyle><scale>0.7</scale></LabelStyle></Style><Point><coordinates>-100.22861517,25.67708904,0</coordinates></Point></Placemark><Placemark><name>Centro Habeas</name><description>Categoría: behavioral_or_mental_health_clinic
Distancia al terreno: 391 m
Fuente: Overture Maps (2026)</description><Style><IconStyle><color>ff0000ff</color><Icon><href>http://maps.google.com/mapfiles/kml/shapes/hospitals.png</href></Icon></IconStyle><LabelStyle><scale>0.7</scale></LabelStyle></Style><Point><coordinates>-100.22096000,25.67925000,0</coordinates></Point></Placemark><Placemark><name>Servicios de Salud de Nuevo León Jurisdicción Sanitaria 4</name><description>Categoría: hospital
Distancia al terreno: 407 m
Fuente: Overture Maps (2026)</description><Style><IconStyle><color>ff0000ff</color><Icon><href>http://maps.google.com/mapfiles/kml/shapes/hospitals.png</href></Icon></IconStyle><LabelStyle><scale>0.7</scale></LabelStyle></Style><Point><coordinates>-100.22715256,25.67351130,0</coordinates></Point></Placemark><Placemark><name>Mikelia A.C.</name><description>Categoría: specialized_medical_facility
Distancia al terreno: 426 m
Fuente: Overture Maps (2026)</description><Style><IconStyle><color>ff0000ff</color><Icon><href>http://maps.google.com/mapfiles/kml/shapes/hospitals.png</href></Icon></IconStyle><LabelStyle><scale>0.7</scale></LabelStyle></Style><Point><coordinates>-100.22720780,25.67334340,0</coordinates></Point></Placemark><Placemark><name>Laboratorio Dental AAMS</name><description>Categoría: dental_clinic
Distancia al terreno: 517 m
Fuente: Overture Maps (2026)</description><Style><IconStyle><color>ff0000ff</color><Icon><href>http://maps.google.com/mapfiles/kml/shapes/hospitals.png</href></Icon></IconStyle><LabelStyle><scale>0.7</scale></LabelStyle></Style><Point><coordinates>-100.22035000,25.68056000,0</coordinates></Point></Placemark><Placemark><name>Dental del rio</name><description>Categoría: dental_clinic
Distancia al terreno: 559 m
Fuente: Overture Maps (2026)</description><Style><IconStyle><color>ff0000ff</color><Icon><href>http://maps.google.com/mapfiles/kml/shapes/hospitals.png</href></Icon></IconStyle><LabelStyle><scale>0.7</scale></LabelStyle></Style><Point><coordinates>-100.22063779,25.68142918,0</coordinates></Point></Placemark><Placemark><name>Querido Pie</name><description>Categoría: medical_service
Distancia al terreno: 599 m
Fuente: Overture Maps (2026)</description><Style><IconStyle><color>ff0000ff</color><Icon><href>http://maps.google.com/mapfiles/kml/shapes/hospitals.png</href></Icon></IconStyle><LabelStyle><scale>0.7</scale></LabelStyle></Style><Point><coordinates>-100.22701000,25.67160000,0</coordinates></Point></Placemark><Placemark><name>Consultorio dentista</name><description>Categoría: dental_clinic
Distancia al terreno: 655 m
Fuente: Overture Maps (2026)</description><Style><IconStyle><color>ff0000ff</color><Icon><href>http://maps.google.com/mapfiles/kml/shapes/hospitals.png</href></Icon></IconStyle><LabelStyle><scale>0.7</scale></LabelStyle></Style><Point><coordinates>-100.22592352,25.67085896,0</coordinates></Point></Placemark><Placemark><name>Najedent</name><description>Categoría: dental_clinic
Distancia al terreno: 677 m
Fuente: Overture Maps (2026)</description><Style><IconStyle><color>ff0000ff</color><Icon><href>http://maps.google.com/mapfiles/kml/shapes/hospitals.png</href></Icon></IconStyle><LabelStyle><scale>0.7</scale></LabelStyle></Style><Point><coordinates>-100.22074203,25.67180129,0</coordinates></Point></Placemark><Placemark><name>Clinica veterinaria paws</name><description>Categoría: animal_or_pet_service
Distancia al terreno: 681 m
Fuente: Overture Maps (2026)</description><Style><IconStyle><color>ff0000ff</color><Icon><href>http://maps.google.com/mapfiles/kml/shapes/hospitals.png</href></Icon></IconStyle><LabelStyle><scale>0.7</scale></LabelStyle></Style><Point><coordinates>-100.23084034,25.68092004,0</coordinates></Point></Placemark><Placemark><name>Feypsa - Farmacia Especializada y Patente</name><description>Categoría: pharmacy_and_drug_store
Distancia al terreno: 698 m
Fuente: Overture Maps (2026)</description><Style><IconStyle><color>ff0000ff</color><Icon><href>http://maps.google.com/mapfiles/kml/shapes/hospitals.png</href></Icon></IconStyle><LabelStyle><scale>0.7</scale></LabelStyle></Style><Point><coordinates>-100.22729000,25.67075000,0</coordinates></Point></Placemark><Placemark><name>Ortho Dental Familiar</name><description>Categoría: dental_clinic
Distancia al terreno: 707 m
Fuente: Overture Maps (2026)</description><Style><IconStyle><color>ff0000ff</color><Icon><href>http://maps.google.com/mapfiles/kml/shapes/hospitals.png</href></Icon></IconStyle><LabelStyle><scale>0.7</scale></LabelStyle></Style><Point><coordinates>-100.22452368,25.68418993,0</coordinates></Point></Placemark><Placemark><name>MGDental</name><description>Categoría: dental_clinic
Distancia al terreno: 708 m
Fuente: Overture Maps (2026)</description><Style><IconStyle><color>ff0000ff</color><Icon><href>http://maps.google.com/mapfiles/kml/shapes/hospitals.png</href></Icon></IconStyle><LabelStyle><scale>0.7</scale></LabelStyle></Style><Point><coordinates>-100.22348000,25.67041000,0</coordinates></Point></Placemark><Placemark><name>Gonzalez Diaz Nancy Judith</name><description>Categoría: pharmacy_and_drug_store
Distancia al terreno: 713 m
Fuente: Overture Maps (2026)</description><Style><IconStyle><color>ff0000ff</color><Icon><href>http://maps.google.com/mapfiles/kml/shapes/hospitals.png</href></Icon></IconStyle><LabelStyle><scale>0.7</scale></LabelStyle></Style><Point><coordinates>-100.22497973,25.68423186,0</coordinates></Point></Placemark><Placemark><name>Dental Medina</name><description>Categoría: dental_clinic
Distancia al terreno: 713 m
Fuente: Overture Maps (2026)</description><Style><IconStyle><color>ff0000ff</color><Icon><href>http://maps.google.com/mapfiles/kml/shapes/hospitals.png</href></Icon></IconStyle><LabelStyle><scale>0.7</scale></LabelStyle></Style><Point><coordinates>-100.22330167,25.68415022,0</coordinates></Point></Placemark><Placemark><name>Centro Oftalmológico- Club de Leones Guadalupe</name><description>Categoría: vision_or_eye_care_clinic
Distancia al terreno: 718 m
Fuente: Overture Maps (2026)</description><Style><IconStyle><color>ff0000ff</color><Icon><href>http://maps.google.com/mapfiles/kml/shapes/hospitals.png</href></Icon></IconStyle><LabelStyle><scale>0.7</scale></LabelStyle></Style><Point><coordinates>-100.23211100,25.67476900,0</coordinates></Point></Placemark><Placemark><name>Consultorio Dental</name><description>Categoría: dental_clinic
Distancia al terreno: 721 m
Fuente: Overture Maps (2026)</description><Style><IconStyle><color>ff0000ff</color><Icon><href>http://maps.google.com/mapfiles/kml/shapes/hospitals.png</href></Icon></IconStyle><LabelStyle><scale>0.7</scale></LabelStyle></Style><Point><coordinates>-100.22537234,25.68427425,0</coordinates></Point></Placemark><Placemark><name>NEUROA Centro Infantil Psicologico</name><description>Categoría: behavioral_or_mental_health_clinic
Distancia al terreno: 760 m
Fuente: Overture Maps (2026)</description><Style><IconStyle><color>ff0000ff</color><Icon><href>http://maps.google.com/mapfiles/kml/shapes/hospitals.png</href></Icon></IconStyle><LabelStyle><scale>0.7</scale></LabelStyle></Style><Point><coordinates>-100.23072589,25.68225027,0</coordinates></Point></Placemark><Placemark><name>Kapha Centro PsicolÓGico</name><description>Categoría: behavioral_or_mental_health_clinic
Distancia al terreno: 764 m
Fuente: Overture Maps (2026)</description><Style><IconStyle><color>ff0000ff</color><Icon><href>http://maps.google.com/mapfiles/kml/shapes/hospitals.png</href></Icon></IconStyle><LabelStyle><scale>0.7</scale></LabelStyle></Style><Point><coordinates>-100.23073580,25.68229921,0</coordinates></Point></Placemark><Placemark><name>Reovy Dental</name><description>Categoría: dental_clinic
Distancia al terreno: 835 m
Fuente: Overture Maps (2026)</description><Style><IconStyle><color>ff0000ff</color><Icon><href>http://maps.google.com/mapfiles/kml/shapes/hospitals.png</href></Icon></IconStyle><LabelStyle><scale>0.7</scale></LabelStyle></Style><Point><coordinates>-100.22388443,25.66919453,0</coordinates></Point></Placemark><Placemark><name>Dental MAYA Violeta</name><description>Categoría: dental_clinic
Distancia al terreno: 859 m
Fuente: Overture Maps (2026)</description><Style><IconStyle><color>ff0000ff</color><Icon><href>http://maps.google.com/mapfiles/kml/shapes/hospitals.png</href></Icon></IconStyle><LabelStyle><scale>0.7</scale></LabelStyle></Style><Point><coordinates>-100.21667000,25.67423000,0</coordinates></Point></Placemark><Placemark><name>Consultorio Dental Maya Sucursal Violeta</name><description>Categoría: dental_clinic
Distancia al terreno: 875 m
Fuente: Overture Maps (2026)</description><Style><IconStyle><color>ff0000ff</color><Icon><href>http://maps.google.com/mapfiles/kml/shapes/hospitals.png</href></Icon></IconStyle><LabelStyle><scale>0.7</scale></LabelStyle></Style><Point><coordinates>-100.21684679,25.67342118,0</coordinates></Point></Placemark><Placemark><name>Dental Mi Sonrisa</name><description>Categoría: dental_clinic
Distancia al terreno: 917 m
Fuente: Overture Maps (2026)</description><Style><IconStyle><color>ff0000ff</color><Icon><href>http://maps.google.com/mapfiles/kml/shapes/hospitals.png</href></Icon></IconStyle><LabelStyle><scale>0.7</scale></LabelStyle></Style><Point><coordinates>-100.21593264,25.67465417,0</coordinates></Point></Placemark><Placemark><name>Integradent Consultorio Dental</name><description>Categoría: dental_clinic
Distancia al terreno: 918 m
Fuente: Overture Maps (2026)</description><Style><IconStyle><color>ff0000ff</color><Icon><href>http://maps.google.com/mapfiles/kml/shapes/hospitals.png</href></Icon></IconStyle><LabelStyle><scale>0.7</scale></LabelStyle></Style><Point><coordinates>-100.23236239,25.68269709,0</coordinates></Point></Placemark><Placemark><name>Creando Caminos</name><description>Categoría: specialized_medical_facility
Distancia al terreno: 921 m
Fuente: Overture Maps (2026)</description><Style><IconStyle><color>ff0000ff</color><Icon><href>http://maps.google.com/mapfiles/kml/shapes/hospitals.png</href></Icon></IconStyle><LabelStyle><scale>0.7</scale></LabelStyle></Style><Point><coordinates>-100.21564000,25.67570806,0</coordinates></Point></Placemark><Placemark><name>Veterinary Medical Services</name><description>Categoría: animal_or_pet_service
Distancia al terreno: 930 m
Fuente: Overture Maps (2026)</description><Style><IconStyle><color>ff0000ff</color><Icon><href>http://maps.google.com/mapfiles/kml/shapes/hospitals.png</href></Icon></IconStyle><LabelStyle><scale>0.7</scale></LabelStyle></Style><Point><coordinates>-100.21529412,25.67702904,0</coordinates></Point></Placemark><Placemark><name>Azulado Psicologia Infantil</name><description>Categoría: behavioral_or_mental_health_clinic
Distancia al terreno: 936 m
Fuente: Overture Maps (2026)</description><Style><IconStyle><color>ff0000ff</color><Icon><href>http://maps.google.com/mapfiles/kml/shapes/hospitals.png</href></Icon></IconStyle><LabelStyle><scale>0.7</scale></LabelStyle></Style><Point><coordinates>-100.23260478,25.68267093,0</coordinates></Point></Placemark><Placemark><name>Farmacias Guadalajara</name><description>Categoría: pharmacy_and_drug_store
Distancia al terreno: 966 m
Fuente: Overture Maps (2026)</description><Style><IconStyle><color>ff0000ff</color><Icon><href>http://maps.google.com/mapfiles/kml/shapes/hospitals.png</href></Icon></IconStyle><LabelStyle><scale>0.7</scale></LabelStyle></Style><Point><coordinates>-100.23470073,25.67869392,0</coordinates></Point></Placemark><Placemark><name>Farmacias Guadalajara</name><description>Categoría: pharmacy_and_drug_store
Distancia al terreno: 970 m
Fuente: Overture Maps (2026)</description><Style><IconStyle><color>ff0000ff</color><Icon><href>http://maps.google.com/mapfiles/kml/shapes/hospitals.png</href></Icon></IconStyle><LabelStyle><scale>0.7</scale></LabelStyle></Style><Point><coordinates>-100.23303453,25.68265298,0</coordinates></Point></Placemark><Placemark><name>Farmacia Xian</name><description>Categoría: pharmacy_and_drug_store
Distancia al terreno: 980 m
Fuente: Overture Maps (2026)</description><Style><IconStyle><color>ff0000ff</color><Icon><href>http://maps.google.com/mapfiles/kml/shapes/hospitals.png</href></Icon></IconStyle><LabelStyle><scale>0.7</scale></LabelStyle></Style><Point><coordinates>-100.21729433,25.67102032,0</coordinates></Point></Placemark><Placemark><name>Factory Smile 88</name><description>Categoría: dental_clinic
Distancia al terreno: 998 m
Fuente: Overture Maps (2026)</description><Style><IconStyle><color>ff0000ff</color><Icon><href>http://maps.google.com/mapfiles/kml/shapes/hospitals.png</href></Icon></IconStyle><LabelStyle><scale>0.7</scale></LabelStyle></Style><Point><coordinates>-100.21750750,25.68419138,0</coordinates></Point></Placemark></Folder><Folder><name>7. Servicios para animales (veterinarias, antirrábico)</name><Placemark><name>Centro Antirrábico Guadalupe</name><description>Categoría: animal_or_pet_service
Distancia al terreno: 82 m
Fuente: Overture Maps (2026)</description><Style><IconStyle><color>ffff00ff</color><Icon><href>http://maps.google.com/mapfiles/kml/paddle/purple-circle.png</href></Icon></IconStyle><LabelStyle><scale>0.7</scale></LabelStyle></Style><Point><coordinates>-100.22585323,25.67621803,0</coordinates></Point></Placemark><Placemark><name>Hotel Family Paws</name><description>Categoría: animal_or_pet_service
Distancia al terreno: 281 m
Fuente: Overture Maps (2026)</description><Style><IconStyle><color>ffff00ff</color><Icon><href>http://maps.google.com/mapfiles/kml/paddle/purple-circle.png</href></Icon></IconStyle><LabelStyle><scale>0.7</scale></LabelStyle></Style><Point><coordinates>-100.22737852,25.67507078,0</coordinates></Point></Placemark><Placemark><name>Veterinaria YUGA</name><description>Categoría: animal_or_pet_service
Distancia al terreno: 377 m
Fuente: Overture Maps (2026)</description><Style><IconStyle><color>ffff00ff</color><Icon><href>http://maps.google.com/mapfiles/kml/paddle/purple-circle.png</href></Icon></IconStyle><LabelStyle><scale>0.7</scale></LabelStyle></Style><Point><coordinates>-100.22283000,25.67378000,0</coordinates></Point></Placemark><Placemark><name>CANIS</name><description>Categoría: animal_or_pet_service
Distancia al terreno: 474 m
Fuente: Overture Maps (2026)</description><Style><IconStyle><color>ffff00ff</color><Icon><href>http://maps.google.com/mapfiles/kml/paddle/purple-circle.png</href></Icon></IconStyle><LabelStyle><scale>0.7</scale></LabelStyle></Style><Point><coordinates>-100.21983000,25.67732000,0</coordinates></Point></Placemark><Placemark><name>Esc Prim Petra Benavides de Salinas</name><description>Categoría: campus_building
Distancia al terreno: 570 m
Fuente: Overture Maps (2026)</description><Style><IconStyle><color>ffff00ff</color><Icon><href>http://maps.google.com/mapfiles/kml/paddle/purple-circle.png</href></Icon></IconStyle><LabelStyle><scale>0.7</scale></LabelStyle></Style><Point><coordinates>-100.22046661,25.68142128,0</coordinates></Point></Placemark><Placemark><name>Clinica veterinaria paws</name><description>Categoría: animal_or_pet_service
Distancia al terreno: 681 m
Fuente: Overture Maps (2026)</description><Style><IconStyle><color>ffff00ff</color><Icon><href>http://maps.google.com/mapfiles/kml/paddle/purple-circle.png</href></Icon></IconStyle><LabelStyle><scale>0.7</scale></LabelStyle></Style><Point><coordinates>-100.23084034,25.68092004,0</coordinates></Point></Placemark><Placemark><name>Veterinaria Patitas</name><description>Categoría: animal_or_pet_service
Distancia al terreno: 743 m
Fuente: Overture Maps (2026)</description><Style><IconStyle><color>ffff00ff</color><Icon><href>http://maps.google.com/mapfiles/kml/paddle/purple-circle.png</href></Icon></IconStyle><LabelStyle><scale>0.7</scale></LabelStyle></Style><Point><coordinates>-100.21876263,25.67279674,0</coordinates></Point></Placemark><Placemark><name>Consultoria&amp;prevencion Veterinaria</name><description>Categoría: animal_or_pet_service
Distancia al terreno: 784 m
Fuente: Overture Maps (2026)</description><Style><IconStyle><color>ffff00ff</color><Icon><href>http://maps.google.com/mapfiles/kml/paddle/purple-circle.png</href></Icon></IconStyle><LabelStyle><scale>0.7</scale></LabelStyle></Style><Point><coordinates>-100.22398000,25.68487000,0</coordinates></Point></Placemark><Placemark><name>Veterinaria Kira</name><description>Categoría: animal_or_pet_service
Distancia al terreno: 784 m
Fuente: Overture Maps (2026)</description><Style><IconStyle><color>ffff00ff</color><Icon><href>http://maps.google.com/mapfiles/kml/paddle/purple-circle.png</href></Icon></IconStyle><LabelStyle><scale>0.7</scale></LabelStyle></Style><Point><coordinates>-100.23194000,25.67303000,0</coordinates></Point></Placemark><Placemark><name>Veterinaria ESCANYVET</name><description>Categoría: animal_or_pet_service
Distancia al terreno: 823 m
Fuente: Overture Maps (2026)</description><Style><IconStyle><color>ffff00ff</color><Icon><href>http://maps.google.com/mapfiles/kml/paddle/purple-circle.png</href></Icon></IconStyle><LabelStyle><scale>0.7</scale></LabelStyle></Style><Point><coordinates>-100.21685820,25.67480092,0</coordinates></Point></Placemark><Placemark><name>PETRO-7 Suc. Olmeca</name><description>Categoría: gas_station
Distancia al terreno: 831 m
Fuente: Overture Maps (2026)</description><Style><IconStyle><color>ffff00ff</color><Icon><href>http://maps.google.com/mapfiles/kml/paddle/purple-circle.png</href></Icon></IconStyle><LabelStyle><scale>0.7</scale></LabelStyle></Style><Point><coordinates>-100.23341440,25.67830460,0</coordinates></Point></Placemark><Placemark><name>Veterinaria Jr</name><description>Categoría: animal_or_pet_service
Distancia al terreno: 831 m
Fuente: Overture Maps (2026)</description><Style><IconStyle><color>ffff00ff</color><Icon><href>http://maps.google.com/mapfiles/kml/paddle/purple-circle.png</href></Icon></IconStyle><LabelStyle><scale>0.7</scale></LabelStyle></Style><Point><coordinates>-100.21890437,25.68332883,0</coordinates></Point></Placemark><Placemark><name>Punto Mascota</name><description>Categoría: animal_and_pet_store
Distancia al terreno: 838 m
Fuente: Overture Maps (2026)</description><Style><IconStyle><color>ffff00ff</color><Icon><href>http://maps.google.com/mapfiles/kml/paddle/purple-circle.png</href></Icon></IconStyle><LabelStyle><scale>0.7</scale></LabelStyle></Style><Point><coordinates>-100.23205346,25.67232743,0</coordinates></Point></Placemark><Placemark><name>Veterinaria Moraza</name><description>Categoría: animal_or_pet_service
Distancia al terreno: 841 m
Fuente: Overture Maps (2026)</description><Style><IconStyle><color>ffff00ff</color><Icon><href>http://maps.google.com/mapfiles/kml/paddle/purple-circle.png</href></Icon></IconStyle><LabelStyle><scale>0.7</scale></LabelStyle></Style><Point><coordinates>-100.21700316,25.67386707,0</coordinates></Point></Placemark><Placemark><name>Veterinaria Cancerbero</name><description>Categoría: animal_or_pet_service
Distancia al terreno: 862 m
Fuente: Overture Maps (2026)</description><Style><IconStyle><color>ffff00ff</color><Icon><href>http://maps.google.com/mapfiles/kml/paddle/purple-circle.png</href></Icon></IconStyle><LabelStyle><scale>0.7</scale></LabelStyle></Style><Point><coordinates>-100.21943223,25.68408000,0</coordinates></Point></Placemark><Placemark><name>Grupo Petro-FE</name><description>Categoría: gas_station
Distancia al terreno: 897 m
Fuente: Overture Maps (2026)</description><Style><IconStyle><color>ffff00ff</color><Icon><href>http://maps.google.com/mapfiles/kml/paddle/purple-circle.png</href></Icon></IconStyle><LabelStyle><scale>0.7</scale></LabelStyle></Style><Point><coordinates>-100.22994518,25.68448278,0</coordinates></Point></Placemark><Placemark><name>Veterinary Medical Services</name><description>Categoría: animal_or_pet_service
Distancia al terreno: 930 m
Fuente: Overture Maps (2026)</description><Style><IconStyle><color>ffff00ff</color><Icon><href>http://maps.google.com/mapfiles/kml/paddle/purple-circle.png</href></Icon></IconStyle><LabelStyle><scale>0.7</scale></LabelStyle></Style><Point><coordinates>-100.21529412,25.67702904,0</coordinates></Point></Placemark><Placemark><name>Anedsa Veterinaria</name><description>Categoría: animal_or_pet_service
Distancia al terreno: 959 m
Fuente: Overture Maps (2026)</description><Style><IconStyle><color>ffff00ff</color><Icon><href>http://maps.google.com/mapfiles/kml/paddle/purple-circle.png</href></Icon></IconStyle><LabelStyle><scale>0.7</scale></LabelStyle></Style><Point><coordinates>-100.22373000,25.66809000,0</coordinates></Point></Placemark><Placemark><name>Exclusivo Revendedores</name><description>Categoría: animal_and_pet_store
Distancia al terreno: 963 m
Fuente: Overture Maps (2026)</description><Style><IconStyle><color>ffff00ff</color><Icon><href>http://maps.google.com/mapfiles/kml/paddle/purple-circle.png</href></Icon></IconStyle><LabelStyle><scale>0.7</scale></LabelStyle></Style><Point><coordinates>-100.23247387,25.67100392,0</coordinates></Point></Placemark><Placemark><name>Veterinaria Canino Real</name><description>Categoría: animal_or_pet_service
Distancia al terreno: 984 m
Fuente: Overture Maps (2026)</description><Style><IconStyle><color>ffff00ff</color><Icon><href>http://maps.google.com/mapfiles/kml/paddle/purple-circle.png</href></Icon></IconStyle><LabelStyle><scale>0.7</scale></LabelStyle></Style><Point><coordinates>-100.22694088,25.66802048,0</coordinates></Point></Placemark><Placemark><name>Pet's Beauty vet &amp; care</name><description>Categoría: animal_or_pet_service
Distancia al terreno: 995 m
Fuente: Overture Maps (2026)</description><Style><IconStyle><color>ffff00ff</color><Icon><href>http://maps.google.com/mapfiles/kml/paddle/purple-circle.png</href></Icon></IconStyle><LabelStyle><scale>0.7</scale></LabelStyle></Style><Point><coordinates>-100.22479599,25.66771647,0</coordinates></Point></Placemark><Placemark><name>Leclinvet</name><description>Categoría: animal_or_pet_service
Distancia al terreno: 999 m
Fuente: Overture Maps (2026)</description><Style><IconStyle><color>ffff00ff</color><Icon><href>http://maps.google.com/mapfiles/kml/paddle/purple-circle.png</href></Icon></IconStyle><LabelStyle><scale>0.7</scale></LabelStyle></Style><Point><coordinates>-100.22901198,25.66842959,0</coordinates></Point></Placemark><Placemark><name>Veterinaria Iguanas y Ranas</name><description>Categoría: animal_or_pet_service
Distancia al terreno: 1005 m
Fuente: Overture Maps (2026)</description><Style><IconStyle><color>ffff00ff</color><Icon><href>http://maps.google.com/mapfiles/kml/paddle/purple-circle.png</href></Icon></IconStyle><LabelStyle><scale>0.7</scale></LabelStyle></Style><Point><coordinates>-100.22905978,25.66839024,0</coordinates></Point></Placemark><Placemark><name>Escuela Secundaria Cincuentenario de la Expropiación Petrolera</name><description>Categoría: middle_school
Distancia al terreno: 1006 m
Fuente: Overture Maps (2026)</description><Style><IconStyle><color>ffff00ff</color><Icon><href>http://maps.google.com/mapfiles/kml/paddle/purple-circle.png</href></Icon></IconStyle><LabelStyle><scale>0.7</scale></LabelStyle></Style><Point><coordinates>-100.23516685,25.67512255,0</coordinates></Point></Placemark><Placemark><name>Miaumor.mx veterinaria y spa</name><description>Categoría: animal_or_pet_service
Distancia al terreno: 1038 m
Fuente: Overture Maps (2026)</description><Style><IconStyle><color>ffff00ff</color><Icon><href>http://maps.google.com/mapfiles/kml/paddle/purple-circle.png</href></Icon></IconStyle><LabelStyle><scale>0.7</scale></LabelStyle></Style><Point><coordinates>-100.22555550,25.66734788,0</coordinates></Point></Placemark><Placemark><name>Veterinaria 3 Mares</name><description>Categoría: animal_or_pet_service
Distancia al terreno: 1041 m
Fuente: Overture Maps (2026)</description><Style><IconStyle><color>ffff00ff</color><Icon><href>http://maps.google.com/mapfiles/kml/paddle/purple-circle.png</href></Icon></IconStyle><LabelStyle><scale>0.7</scale></LabelStyle></Style><Point><coordinates>-100.23166666,25.66936523,0</coordinates></Point></Placemark><Placemark><name>Las Tostachitas De Petrita</name><description>Categoría: restaurant
Distancia al terreno: 1048 m
Fuente: Overture Maps (2026)</description><Style><IconStyle><color>ffff00ff</color><Icon><href>http://maps.google.com/mapfiles/kml/paddle/purple-circle.png</href></Icon></IconStyle><LabelStyle><scale>0.7</scale></LabelStyle></Style><Point><coordinates>-100.21740029,25.68473055,0</coordinates></Point></Placemark><Placemark><name>Novedades y Regalos Capetillo</name><description>Categoría: food_and_beverage_store
Distancia al terreno: 1103 m
Fuente: Overture Maps (2026)</description><Style><IconStyle><color>ffff00ff</color><Icon><href>http://maps.google.com/mapfiles/kml/paddle/purple-circle.png</href></Icon></IconStyle><LabelStyle><scale>0.7</scale></LabelStyle></Style><Point><coordinates>-100.21702000,25.66965000,0</coordinates></Point></Placemark><Placemark><name>VetPro Veterinaria</name><description>Categoría: animal_or_pet_service
Distancia al terreno: 1114 m
Fuente: Overture Maps (2026)</description><Style><IconStyle><color>ffff00ff</color><Icon><href>http://maps.google.com/mapfiles/kml/paddle/purple-circle.png</href></Icon></IconStyle><LabelStyle><scale>0.7</scale></LabelStyle></Style><Point><coordinates>-100.23630026,25.67821038,0</coordinates></Point></Placemark><Placemark><name>Petro-7 Suc. Olmeca</name><description>Categoría: fueling_station
Distancia al terreno: 1145 m
Fuente: Overture Maps (2026)</description><Style><IconStyle><color>ffff00ff</color><Icon><href>http://maps.google.com/mapfiles/kml/paddle/purple-circle.png</href></Icon></IconStyle><LabelStyle><scale>0.7</scale></LabelStyle></Style><Point><coordinates>-100.23651020,25.67876468,0</coordinates></Point></Placemark><Placemark><name>Petro Seven</name><description>Categoría: gas_station
Distancia al terreno: 1158 m
Fuente: Overture Maps (2026)</description><Style><IconStyle><color>ffff00ff</color><Icon><href>http://maps.google.com/mapfiles/kml/paddle/purple-circle.png</href></Icon></IconStyle><LabelStyle><scale>0.7</scale></LabelStyle></Style><Point><coordinates>-100.23665072,25.67872317,0</coordinates></Point></Placemark><Placemark><name>Veterinaria HollyDog</name><description>Categoría: animal_or_pet_service
Distancia al terreno: 1162 m
Fuente: Overture Maps (2026)</description><Style><IconStyle><color>ffff00ff</color><Icon><href>http://maps.google.com/mapfiles/kml/paddle/purple-circle.png</href></Icon></IconStyle><LabelStyle><scale>0.7</scale></LabelStyle></Style><Point><coordinates>-100.23023749,25.68706908,0</coordinates></Point></Placemark><Placemark><name>Petro 7</name><description>Categoría: gas_station
Distancia al terreno: 1220 m
Fuente: Overture Maps (2026)</description><Style><IconStyle><color>ffff00ff</color><Icon><href>http://maps.google.com/mapfiles/kml/paddle/purple-circle.png</href></Icon></IconStyle><LabelStyle><scale>0.7</scale></LabelStyle></Style><Point><coordinates>-100.21284203,25.67463303,0</coordinates></Point></Placemark><Placemark><name>Pet Aid</name><description>Categoría: animal_or_pet_service
Distancia al terreno: 1222 m
Fuente: Overture Maps (2026)</description><Style><IconStyle><color>ffff00ff</color><Icon><href>http://maps.google.com/mapfiles/kml/paddle/purple-circle.png</href></Icon></IconStyle><LabelStyle><scale>0.7</scale></LabelStyle></Style><Point><coordinates>-100.21392009,25.68324482,0</coordinates></Point></Placemark><Placemark><name>Pollitos en Monterrey</name><description>Categoría: animal_or_pet_service
Distancia al terreno: 1236 m
Fuente: Overture Maps (2026)</description><Style><IconStyle><color>ffff00ff</color><Icon><href>http://maps.google.com/mapfiles/kml/paddle/purple-circle.png</href></Icon></IconStyle><LabelStyle><scale>0.7</scale></LabelStyle></Style><Point><coordinates>-100.22069840,25.66618170,0</coordinates></Point></Placemark><Placemark><name>Peter's Tattoo</name><description>Categoría: personal_or_beauty_service
Distancia al terreno: 1240 m
Fuente: Overture Maps (2026)</description><Style><IconStyle><color>ffff00ff</color><Icon><href>http://maps.google.com/mapfiles/kml/paddle/purple-circle.png</href></Icon></IconStyle><LabelStyle><scale>0.7</scale></LabelStyle></Style><Point><coordinates>-100.22657010,25.68882940,0</coordinates></Point></Placemark><Placemark><name>Dr. Rojo Veterinaria</name><description>Categoría: animal_or_pet_service
Distancia al terreno: 1254 m
Fuente: Overture Maps (2026)</description><Style><IconStyle><color>ffff00ff</color><Icon><href>http://maps.google.com/mapfiles/kml/paddle/purple-circle.png</href></Icon></IconStyle><LabelStyle><scale>0.7</scale></LabelStyle></Style><Point><coordinates>-100.21909520,25.66662462,0</coordinates></Point></Placemark><Placemark><name>Tá Curioso</name><description>Categoría: animal_and_pet_store
Distancia al terreno: 1309 m
Fuente: Overture Maps (2026)</description><Style><IconStyle><color>ffff00ff</color><Icon><href>http://maps.google.com/mapfiles/kml/paddle/purple-circle.png</href></Icon></IconStyle><LabelStyle><scale>0.7</scale></LabelStyle></Style><Point><coordinates>-100.21907000,25.66608000,0</coordinates></Point></Placemark><Placemark><name>Veterinaria y Estetica Kanita</name><description>Categoría: animal_or_pet_service
Distancia al terreno: 1318 m
Fuente: Overture Maps (2026)</description><Style><IconStyle><color>ffff00ff</color><Icon><href>http://maps.google.com/mapfiles/kml/paddle/purple-circle.png</href></Icon></IconStyle><LabelStyle><scale>0.7</scale></LabelStyle></Style><Point><coordinates>-100.22956883,25.68885822,0</coordinates></Point></Placemark><Placemark><name>Galos Pet - Shop &amp; Estetica Canina</name><description>Categoría: animal_or_pet_service
Distancia al terreno: 1327 m
Fuente: Overture Maps (2026)</description><Style><IconStyle><color>ffff00ff</color><Icon><href>http://maps.google.com/mapfiles/kml/paddle/purple-circle.png</href></Icon></IconStyle><LabelStyle><scale>0.7</scale></LabelStyle></Style><Point><coordinates>-100.23499887,25.66863546,0</coordinates></Point></Placemark><Placemark><name>Hospital Veterinario Dr. Armijo</name><description>Categoría: animal_or_pet_service
Distancia al terreno: 1382 m
Fuente: Overture Maps (2026)</description><Style><IconStyle><color>ffff00ff</color><Icon><href>http://maps.google.com/mapfiles/kml/paddle/purple-circle.png</href></Icon></IconStyle><LabelStyle><scale>0.7</scale></LabelStyle></Style><Point><coordinates>-100.21857000,25.68904000,0</coordinates></Point></Placemark><Placemark><name>Como En Casa Veterinaria</name><description>Categoría: animal_or_pet_service
Distancia al terreno: 1405 m
Fuente: Overture Maps (2026)</description><Style><IconStyle><color>ffff00ff</color><Icon><href>http://maps.google.com/mapfiles/kml/paddle/purple-circle.png</href></Icon></IconStyle><LabelStyle><scale>0.7</scale></LabelStyle></Style><Point><coordinates>-100.23324515,25.66635115,0</coordinates></Point></Placemark><Placemark><name>Veterinaria Pethouse</name><description>Categoría: animal_or_pet_service
Distancia al terreno: 1413 m
Fuente: Overture Maps (2026)</description><Style><IconStyle><color>ffff00ff</color><Icon><href>http://maps.google.com/mapfiles/kml/paddle/purple-circle.png</href></Icon></IconStyle><LabelStyle><scale>0.7</scale></LabelStyle></Style><Point><coordinates>-100.21228375,25.68413560,0</coordinates></Point></Placemark><Placemark><name>Pawshih Pet Grooming</name><description>Categoría: animal_or_pet_service
Distancia al terreno: 1422 m
Fuente: Overture Maps (2026)</description><Style><IconStyle><color>ffff00ff</color><Icon><href>http://maps.google.com/mapfiles/kml/paddle/purple-circle.png</href></Icon></IconStyle><LabelStyle><scale>0.7</scale></LabelStyle></Style><Point><coordinates>-100.21064895,25.67519473,0</coordinates></Point></Placemark><Placemark><name>Little Fluffy grooming</name><description>Categoría: animal_or_pet_service
Distancia al terreno: 1425 m
Fuente: Overture Maps (2026)</description><Style><IconStyle><color>ffff00ff</color><Icon><href>http://maps.google.com/mapfiles/kml/paddle/purple-circle.png</href></Icon></IconStyle><LabelStyle><scale>0.7</scale></LabelStyle></Style><Point><coordinates>-100.21065112,25.67505766,0</coordinates></Point></Placemark><Placemark><name>Veterinaria Marp Pet's</name><description>Categoría: animal_or_pet_service
Distancia al terreno: 1429 m
Fuente: Overture Maps (2026)</description><Style><IconStyle><color>ffff00ff</color><Icon><href>http://maps.google.com/mapfiles/kml/paddle/purple-circle.png</href></Icon></IconStyle><LabelStyle><scale>0.7</scale></LabelStyle></Style><Point><coordinates>-100.23873916,25.68129187,0</coordinates></Point></Placemark><Placemark><name>Veterinaria América Pet</name><description>Categoría: animal_or_pet_service
Distancia al terreno: 1472 m
Fuente: Overture Maps (2026)</description><Style><IconStyle><color>ffff00ff</color><Icon><href>http://maps.google.com/mapfiles/kml/paddle/purple-circle.png</href></Icon></IconStyle><LabelStyle><scale>0.7</scale></LabelStyle></Style><Point><coordinates>-100.23931062,25.68087380,0</coordinates></Point></Placemark></Folder><Folder><name>8. Gobierno y servicios comunitarios</name><Placemark><name>Instituto Municipal de la Juventud de Guadalupe</name><description>Categoría: government_office
Distancia al terreno: 55 m
Fuente: Overture Maps (2026)</description><Style><IconStyle><color>ffffaa00</color><Icon><href>http://maps.google.com/mapfiles/kml/shapes/govtbldgs.png</href></Icon></IconStyle><LabelStyle><scale>0.7</scale></LabelStyle></Style><Point><coordinates>-100.22479660,25.67616516,0</coordinates></Point></Placemark><Placemark><name>Guadalupe Joven</name><description>Categoría: government_office
Distancia al terreno: 62 m
Fuente: Overture Maps (2026)</description><Style><IconStyle><color>ffffaa00</color><Icon><href>http://maps.google.com/mapfiles/kml/shapes/govtbldgs.png</href></Icon></IconStyle><LabelStyle><scale>0.7</scale></LabelStyle></Style><Point><coordinates>-100.22486724,25.67610747,0</coordinates></Point></Placemark><Placemark><name>Vivero Guadalupe</name><description>Categoría: government_office
Distancia al terreno: 147 m
Fuente: Overture Maps (2026)</description><Style><IconStyle><color>ffffaa00</color><Icon><href>http://maps.google.com/mapfiles/kml/shapes/govtbldgs.png</href></Icon></IconStyle><LabelStyle><scale>0.7</scale></LabelStyle></Style><Point><coordinates>-100.22537292,25.67901645,0</coordinates></Point></Placemark><Placemark><name>Grupo 5 Scout NL "Guardianes del Rio"</name><description>Categoría: social_or_community_service
Distancia al terreno: 316 m
Fuente: Overture Maps (2026)</description><Style><IconStyle><color>ffffaa00</color><Icon><href>http://maps.google.com/mapfiles/kml/shapes/govtbldgs.png</href></Icon></IconStyle><LabelStyle><scale>0.7</scale></LabelStyle></Style><Point><coordinates>-100.22153660,25.67871780,0</coordinates></Point></Placemark><Placemark><name>Presidencia Municipal De Guadalupe</name><description>Categoría: government_office
Distancia al terreno: 446 m
Fuente: Overture Maps (2026)</description><Style><IconStyle><color>ffffaa00</color><Icon><href>http://maps.google.com/mapfiles/kml/shapes/govtbldgs.png</href></Icon></IconStyle><LabelStyle><scale>0.7</scale></LabelStyle></Style><Point><coordinates>-100.22961363,25.67774071,0</coordinates></Point></Placemark><Placemark><name>Parque Funeral Santa Maria</name><description>Categoría: community_and_government
Distancia al terreno: 452 m
Fuente: Overture Maps (2026)</description><Style><IconStyle><color>ffffaa00</color><Icon><href>http://maps.google.com/mapfiles/kml/shapes/govtbldgs.png</href></Icon></IconStyle><LabelStyle><scale>0.7</scale></LabelStyle></Style><Point><coordinates>-100.22039102,25.67582452,0</coordinates></Point></Placemark><Placemark><name>Plaza Del Músico Guadalupe</name><description>Categoría: community_and_government
Distancia al terreno: 544 m
Fuente: Overture Maps (2026)</description><Style><IconStyle><color>ffffaa00</color><Icon><href>http://maps.google.com/mapfiles/kml/shapes/govtbldgs.png</href></Icon></IconStyle><LabelStyle><scale>0.7</scale></LabelStyle></Style><Point><coordinates>-100.21970177,25.67499229,0</coordinates></Point></Placemark><Placemark><name>Centro Dif Lazos</name><description>Categoría: community_center
Distancia al terreno: 649 m
Fuente: Overture Maps (2026)</description><Style><IconStyle><color>ffffaa00</color><Icon><href>http://maps.google.com/mapfiles/kml/shapes/govtbldgs.png</href></Icon></IconStyle><LabelStyle><scale>0.7</scale></LabelStyle></Style><Point><coordinates>-100.22235700,25.67126000,0</coordinates></Point></Placemark><Placemark><name>SIPINNA Guadalupe / CINNA</name><description>Categoría: social_or_community_service
Distancia al terreno: 704 m
Fuente: Overture Maps (2026)</description><Style><IconStyle><color>ffffaa00</color><Icon><href>http://maps.google.com/mapfiles/kml/shapes/govtbldgs.png</href></Icon></IconStyle><LabelStyle><scale>0.7</scale></LabelStyle></Style><Point><coordinates>-100.23055353,25.67255650,0</coordinates></Point></Placemark><Placemark><name>Angeles de Corazon Manos que Trabajan</name><description>Categoría: social_or_community_service
Distancia al terreno: 706 m
Fuente: Overture Maps (2026)</description><Style><IconStyle><color>ffffaa00</color><Icon><href>http://maps.google.com/mapfiles/kml/shapes/govtbldgs.png</href></Icon></IconStyle><LabelStyle><scale>0.7</scale></LabelStyle></Style><Point><coordinates>-100.21815968,25.67455222,0</coordinates></Point></Placemark><Placemark><name>Agencia del Ministerio Público</name><description>Categoría: government_office
Distancia al terreno: 719 m
Fuente: Overture Maps (2026)</description><Style><IconStyle><color>ffffaa00</color><Icon><href>http://maps.google.com/mapfiles/kml/shapes/govtbldgs.png</href></Icon></IconStyle><LabelStyle><scale>0.7</scale></LabelStyle></Style><Point><coordinates>-100.22674947,25.68400995,0</coordinates></Point></Placemark><Placemark><name>Miss y Mr Gay Nuevo León</name><description>Categoría: social_or_community_service
Distancia al terreno: 728 m
Fuente: Overture Maps (2026)</description><Style><IconStyle><color>ffffaa00</color><Icon><href>http://maps.google.com/mapfiles/kml/shapes/govtbldgs.png</href></Icon></IconStyle><LabelStyle><scale>0.7</scale></LabelStyle></Style><Point><coordinates>-100.23153640,25.68066730,0</coordinates></Point></Placemark><Placemark><name>Carlos y Meche Nuevo León</name><description>Categoría: social_or_community_service
Distancia al terreno: 741 m
Fuente: Overture Maps (2026)</description><Style><IconStyle><color>ffffaa00</color><Icon><href>http://maps.google.com/mapfiles/kml/shapes/govtbldgs.png</href></Icon></IconStyle><LabelStyle><scale>0.7</scale></LabelStyle></Style><Point><coordinates>-100.23173000,25.68057000,0</coordinates></Point></Placemark><Placemark><name>CTM Guadalupe</name><description>Categoría: government_office
Distancia al terreno: 757 m
Fuente: Overture Maps (2026)</description><Style><IconStyle><color>ffffaa00</color><Icon><href>http://maps.google.com/mapfiles/kml/shapes/govtbldgs.png</href></Icon></IconStyle><LabelStyle><scale>0.7</scale></LabelStyle></Style><Point><coordinates>-100.22697762,25.68430997,0</coordinates></Point></Placemark><Placemark><name>Oficinas Guadalupe NL</name><description>Categoría: government_office
Distancia al terreno: 766 m
Fuente: Overture Maps (2026)</description><Style><IconStyle><color>ffffaa00</color><Icon><href>http://maps.google.com/mapfiles/kml/shapes/govtbldgs.png</href></Icon></IconStyle><LabelStyle><scale>0.7</scale></LabelStyle></Style><Point><coordinates>-100.22760024,25.68422112,0</coordinates></Point></Placemark><Placemark><name>DIF de Guadalupe</name><description>Categoría: government_office
Distancia al terreno: 767 m
Fuente: Overture Maps (2026)</description><Style><IconStyle><color>ffffaa00</color><Icon><href>http://maps.google.com/mapfiles/kml/shapes/govtbldgs.png</href></Icon></IconStyle><LabelStyle><scale>0.7</scale></LabelStyle></Style><Point><coordinates>-100.23210521,25.67360891,0</coordinates></Point></Placemark><Placemark><name>CODE Guadalupe</name><description>Categoría: community_and_government
Distancia al terreno: 772 m
Fuente: Overture Maps (2026)</description><Style><IconStyle><color>ffffaa00</color><Icon><href>http://maps.google.com/mapfiles/kml/shapes/govtbldgs.png</href></Icon></IconStyle><LabelStyle><scale>0.7</scale></LabelStyle></Style><Point><coordinates>-100.22877349,25.68380197,0</coordinates></Point></Placemark><Placemark><name>Centro de Desarrollo Urbano y Ecología Guadalupe</name><description>Categoría: government_office
Distancia al terreno: 781 m
Fuente: Overture Maps (2026)</description><Style><IconStyle><color>ffffaa00</color><Icon><href>http://maps.google.com/mapfiles/kml/shapes/govtbldgs.png</href></Icon></IconStyle><LabelStyle><scale>0.7</scale></LabelStyle></Style><Point><coordinates>-100.23226536,25.67361156,0</coordinates></Point></Placemark><Placemark><name>Centro de Justicia Familiar Copavide</name><description>Categoría: government_office
Distancia al terreno: 789 m
Fuente: Overture Maps (2026)</description><Style><IconStyle><color>ffffaa00</color><Icon><href>http://maps.google.com/mapfiles/kml/shapes/govtbldgs.png</href></Icon></IconStyle><LabelStyle><scale>0.7</scale></LabelStyle></Style><Point><coordinates>-100.22837736,25.68415784,0</coordinates></Point></Placemark><Placemark><name>Juzgado Cívico de Guadalupe</name><description>Categoría: government_office
Distancia al terreno: 798 m
Fuente: Overture Maps (2026)</description><Style><IconStyle><color>ffffaa00</color><Icon><href>http://maps.google.com/mapfiles/kml/shapes/govtbldgs.png</href></Icon></IconStyle><LabelStyle><scale>0.7</scale></LabelStyle></Style><Point><coordinates>-100.22931355,25.68379176,0</coordinates></Point></Placemark><Placemark><name>Ministerio Público</name><description>Categoría: government_office
Distancia al terreno: 817 m
Fuente: Overture Maps (2026)</description><Style><IconStyle><color>ffffaa00</color><Icon><href>http://maps.google.com/mapfiles/kml/shapes/govtbldgs.png</href></Icon></IconStyle><LabelStyle><scale>0.7</scale></LabelStyle></Style><Point><coordinates>-100.23000149,25.68356385,0</coordinates></Point></Placemark><Placemark><name>Defensoria Publica de Nuevo Leon</name><description>Categoría: government_office
Distancia al terreno: 851 m
Fuente: Overture Maps (2026)</description><Style><IconStyle><color>ffffaa00</color><Icon><href>http://maps.google.com/mapfiles/kml/shapes/govtbldgs.png</href></Icon></IconStyle><LabelStyle><scale>0.7</scale></LabelStyle></Style><Point><coordinates>-100.23057501,25.68353628,0</coordinates></Point></Placemark><Placemark><name>Comité Directivo Municipal PRI Guadalupe</name><description>Categoría: government_office
Distancia al terreno: 866 m
Fuente: Overture Maps (2026)</description><Style><IconStyle><color>ffffaa00</color><Icon><href>http://maps.google.com/mapfiles/kml/shapes/govtbldgs.png</href></Icon></IconStyle><LabelStyle><scale>0.7</scale></LabelStyle></Style><Point><coordinates>-100.23007086,25.68406775,0</coordinates></Point></Placemark><Placemark><name>Ammac Bodega</name><description>Categoría: social_or_community_service
Distancia al terreno: 867 m
Fuente: Overture Maps (2026)</description><Style><IconStyle><color>ffffaa00</color><Icon><href>http://maps.google.com/mapfiles/kml/shapes/govtbldgs.png</href></Icon></IconStyle><LabelStyle><scale>0.7</scale></LabelStyle></Style><Point><coordinates>-100.22112744,25.68500412,0</coordinates></Point></Placemark><Placemark><name>Secretaria de Servicios Primarios</name><description>Categoría: government_office
Distancia al terreno: 891 m
Fuente: Overture Maps (2026)</description><Style><IconStyle><color>ffffaa00</color><Icon><href>http://maps.google.com/mapfiles/kml/shapes/govtbldgs.png</href></Icon></IconStyle><LabelStyle><scale>0.7</scale></LabelStyle></Style><Point><coordinates>-100.23301092,25.67278579,0</coordinates></Point></Placemark></Folder><Folder><name>9. Deporte y recreación</name><Placemark><name>Liga santa cruz</name><description>Categoría: sport_field
Distancia al terreno: 45 m
Fuente: Overture Maps (2026)</description><Style><IconStyle><color>ff32cd32</color><Icon><href>http://maps.google.com/mapfiles/kml/shapes/play.png</href></Icon></IconStyle><LabelStyle><scale>0.7</scale></LabelStyle></Style><Point><coordinates>-100.22517000,25.67632000,0</coordinates></Point></Placemark><Placemark><name>Hansu Taekwondo Guadalupe</name><description>Categoría: sport_or_recreation_club
Distancia al terreno: 172 m
Fuente: Overture Maps (2026)</description><Style><IconStyle><color>ff32cd32</color><Icon><href>http://maps.google.com/mapfiles/kml/shapes/play.png</href></Icon></IconStyle><LabelStyle><scale>0.7</scale></LabelStyle></Style><Point><coordinates>-100.22470187,25.67937012,0</coordinates></Point></Placemark><Placemark><name>Ananas Fit Studio</name><description>Categoría: fitness_studio
Distancia al terreno: 190 m
Fuente: Overture Maps (2026)</description><Style><IconStyle><color>ff32cd32</color><Icon><href>http://maps.google.com/mapfiles/kml/shapes/play.png</href></Icon></IconStyle><LabelStyle><scale>0.7</scale></LabelStyle></Style><Point><coordinates>-100.22455460,25.67496314,0</coordinates></Point></Placemark><Placemark><name>Jumping Fitness Studio by Elen</name><description>Categoría: gym
Distancia al terreno: 277 m
Fuente: Overture Maps (2026)</description><Style><IconStyle><color>ff32cd32</color><Icon><href>http://maps.google.com/mapfiles/kml/shapes/play.png</href></Icon></IconStyle><LabelStyle><scale>0.7</scale></LabelStyle></Style><Point><coordinates>-100.22274143,25.67501108,0</coordinates></Point></Placemark><Placemark><name>Hierberia La Catrina</name><description>Categoría: recreational_equipment_rental
Distancia al terreno: 286 m
Fuente: Overture Maps (2026)</description><Style><IconStyle><color>ff32cd32</color><Icon><href>http://maps.google.com/mapfiles/kml/shapes/play.png</href></Icon></IconStyle><LabelStyle><scale>0.7</scale></LabelStyle></Style><Point><coordinates>-100.22255000,25.67509000,0</coordinates></Point></Placemark><Placemark><name>Lobo Kast Gym</name><description>Categoría: gym
Distancia al terreno: 289 m
Fuente: Overture Maps (2026)</description><Style><IconStyle><color>ff32cd32</color><Icon><href>http://maps.google.com/mapfiles/kml/shapes/play.png</href></Icon></IconStyle><LabelStyle><scale>0.7</scale></LabelStyle></Style><Point><coordinates>-100.22205304,25.67587413,0</coordinates></Point></Placemark><Placemark><name>Flex Gym</name><description>Categoría: gym
Distancia al terreno: 297 m
Fuente: Overture Maps (2026)</description><Style><IconStyle><color>ff32cd32</color><Icon><href>http://maps.google.com/mapfiles/kml/shapes/play.png</href></Icon></IconStyle><LabelStyle><scale>0.7</scale></LabelStyle></Style><Point><coordinates>-100.22201861,25.67575679,0</coordinates></Point></Placemark><Placemark><name>Artículos deportivos</name><description>Categoría: sporting_goods_store
Distancia al terreno: 330 m
Fuente: Overture Maps (2026)</description><Style><IconStyle><color>ff32cd32</color><Icon><href>http://maps.google.com/mapfiles/kml/shapes/play.png</href></Icon></IconStyle><LabelStyle><scale>0.7</scale></LabelStyle></Style><Point><coordinates>-100.22266000,25.68028000,0</coordinates></Point></Placemark><Placemark><name>Glow Fit</name><description>Categoría: gym
Distancia al terreno: 345 m
Fuente: Overture Maps (2026)</description><Style><IconStyle><color>ff32cd32</color><Icon><href>http://maps.google.com/mapfiles/kml/shapes/play.png</href></Icon></IconStyle><LabelStyle><scale>0.7</scale></LabelStyle></Style><Point><coordinates>-100.22257000,25.68038800,0</coordinates></Point></Placemark><Placemark><name>RiverFitness: Crossfit/Insanity</name><description>Categoría: gym
Distancia al terreno: 355 m
Fuente: Overture Maps (2026)</description><Style><IconStyle><color>ff32cd32</color><Icon><href>http://maps.google.com/mapfiles/kml/shapes/play.png</href></Icon></IconStyle><LabelStyle><scale>0.7</scale></LabelStyle></Style><Point><coordinates>-100.22226800,25.68028900,0</coordinates></Point></Placemark><Placemark><name>Roiz Athletic</name><description>Categoría: gym
Distancia al terreno: 383 m
Fuente: Overture Maps (2026)</description><Style><IconStyle><color>ff32cd32</color><Icon><href>http://maps.google.com/mapfiles/kml/shapes/play.png</href></Icon></IconStyle><LabelStyle><scale>0.7</scale></LabelStyle></Style><Point><coordinates>-100.22145829,25.67500626,0</coordinates></Point></Placemark><Placemark><name>Cronus Cross Training</name><description>Categoría: gym
Distancia al terreno: 399 m
Fuente: Overture Maps (2026)</description><Style><IconStyle><color>ff32cd32</color><Icon><href>http://maps.google.com/mapfiles/kml/shapes/play.png</href></Icon></IconStyle><LabelStyle><scale>0.7</scale></LabelStyle></Style><Point><coordinates>-100.22101830,25.67556781,0</coordinates></Point></Placemark><Placemark><name>Club de Nutrición GreenLife and Fitness</name><description>Categoría: wellness_service
Distancia al terreno: 414 m
Fuente: Overture Maps (2026)</description><Style><IconStyle><color>ff32cd32</color><Icon><href>http://maps.google.com/mapfiles/kml/shapes/play.png</href></Icon></IconStyle><LabelStyle><scale>0.7</scale></LabelStyle></Style><Point><coordinates>-100.22940442,25.67717004,0</coordinates></Point></Placemark><Placemark><name>FitClub Riberas</name><description>Categoría: gym
Distancia al terreno: 438 m
Fuente: Overture Maps (2026)</description><Style><IconStyle><color>ff32cd32</color><Icon><href>http://maps.google.com/mapfiles/kml/shapes/play.png</href></Icon></IconStyle><LabelStyle><scale>0.7</scale></LabelStyle></Style><Point><coordinates>-100.22352857,25.68167004,0</coordinates></Point></Placemark><Placemark><name>Parque Ecológico La Silla</name><description>Categoría: national_park
Distancia al terreno: 474 m
Fuente: Overture Maps (2026)</description><Style><IconStyle><color>ff32cd32</color><Icon><href>http://maps.google.com/mapfiles/kml/shapes/play.png</href></Icon></IconStyle><LabelStyle><scale>0.7</scale></LabelStyle></Style><Point><coordinates>-100.21987400,25.67706870,0</coordinates></Point></Placemark><Placemark><name>Liga del Rey</name><description>Categoría: sport_league
Distancia al terreno: 484 m
Fuente: Overture Maps (2026)</description><Style><IconStyle><color>ff32cd32</color><Icon><href>http://maps.google.com/mapfiles/kml/shapes/play.png</href></Icon></IconStyle><LabelStyle><scale>0.7</scale></LabelStyle></Style><Point><coordinates>-100.23009000,25.67728000,0</coordinates></Point></Placemark><Placemark><name>I Love DANCE</name><description>Categoría: gym
Distancia al terreno: 536 m
Fuente: Overture Maps (2026)</description><Style><IconStyle><color>ff32cd32</color><Icon><href>http://maps.google.com/mapfiles/kml/shapes/play.png</href></Icon></IconStyle><LabelStyle><scale>0.7</scale></LabelStyle></Style><Point><coordinates>-100.22591000,25.67194000,0</coordinates></Point></Placemark><Placemark><name>Academia (Karate-DO Shito- KAI)</name><description>Categoría: sport_or_recreation_club
Distancia al terreno: 540 m
Fuente: Overture Maps (2026)</description><Style><IconStyle><color>ff32cd32</color><Icon><href>http://maps.google.com/mapfiles/kml/shapes/play.png</href></Icon></IconStyle><LabelStyle><scale>0.7</scale></LabelStyle></Style><Point><coordinates>-100.21972804,25.68003527,0</coordinates></Point></Placemark><Placemark><name>Quinta Roma</name><description>Categoría: sport_or_fitness_facility
Distancia al terreno: 553 m
Fuente: Overture Maps (2026)</description><Style><IconStyle><color>ff32cd32</color><Icon><href>http://maps.google.com/mapfiles/kml/shapes/play.png</href></Icon></IconStyle><LabelStyle><scale>0.7</scale></LabelStyle></Style><Point><coordinates>-100.22065496,25.68137074,0</coordinates></Point></Placemark><Placemark><name>Box El Jefes Riberas Del Rio</name><description>Categoría: gym
Distancia al terreno: 589 m
Fuente: Overture Maps (2026)</description><Style><IconStyle><color>ff32cd32</color><Icon><href>http://maps.google.com/mapfiles/kml/shapes/play.png</href></Icon></IconStyle><LabelStyle><scale>0.7</scale></LabelStyle></Style><Point><coordinates>-100.21865139,25.67795567,0</coordinates></Point></Placemark><Placemark><name>Instituto del Deporte</name><description>Categoría: sports_and_recreation
Distancia al terreno: 620 m
Fuente: Overture Maps (2026)</description><Style><IconStyle><color>ff32cd32</color><Icon><href>http://maps.google.com/mapfiles/kml/shapes/play.png</href></Icon></IconStyle><LabelStyle><scale>0.7</scale></LabelStyle></Style><Point><coordinates>-100.22253894,25.67147550,0</coordinates></Point></Placemark><Placemark><name>Liga Nocturna Las Torres</name><description>Categoría: sport_league
Distancia al terreno: 660 m
Fuente: Overture Maps (2026)</description><Style><IconStyle><color>ff32cd32</color><Icon><href>http://maps.google.com/mapfiles/kml/shapes/play.png</href></Icon></IconStyle><LabelStyle><scale>0.7</scale></LabelStyle></Style><Point><coordinates>-100.23012428,25.67273108,0</coordinates></Point></Placemark><Placemark><name>Warrior's Gym</name><description>Categoría: gym
Distancia al terreno: 664 m
Fuente: Overture Maps (2026)</description><Style><IconStyle><color>ff32cd32</color><Icon><href>http://maps.google.com/mapfiles/kml/shapes/play.png</href></Icon></IconStyle><LabelStyle><scale>0.7</scale></LabelStyle></Style><Point><coordinates>-100.22513480,25.67069348,0</coordinates></Point></Placemark><Placemark><name>AHEAD GYM SHOP center</name><description>Categoría: gym
Distancia al terreno: 670 m
Fuente: Overture Maps (2026)</description><Style><IconStyle><color>ff32cd32</color><Icon><href>http://maps.google.com/mapfiles/kml/shapes/play.png</href></Icon></IconStyle><LabelStyle><scale>0.7</scale></LabelStyle></Style><Point><coordinates>-100.22522000,25.67065000,0</coordinates></Point></Placemark><Placemark><name>Super Transportes Lozano</name><description>Categoría: travel_and_transportation
Distancia al terreno: 683 m
Fuente: Overture Maps (2026)</description><Style><IconStyle><color>ff32cd32</color><Icon><href>http://maps.google.com/mapfiles/kml/shapes/play.png</href></Icon></IconStyle><LabelStyle><scale>0.7</scale></LabelStyle></Style><Point><coordinates>-100.23204027,25.67765048,0</coordinates></Point></Placemark><Placemark><name>Cancha de Maria Auxiliadora</name><description>Categoría: stadium_arena
Distancia al terreno: 700 m
Fuente: Overture Maps (2026)</description><Style><IconStyle><color>ff32cd32</color><Icon><href>http://maps.google.com/mapfiles/kml/shapes/play.png</href></Icon></IconStyle><LabelStyle><scale>0.7</scale></LabelStyle></Style><Point><coordinates>-100.22215095,25.68375674,0</coordinates></Point></Placemark><Placemark><name>Parque</name><description>Categoría: park
Distancia al terreno: 702 m
Fuente: Overture Maps (2026)</description><Style><IconStyle><color>ff32cd32</color><Icon><href>http://maps.google.com/mapfiles/kml/shapes/play.png</href></Icon></IconStyle><LabelStyle><scale>0.7</scale></LabelStyle></Style><Point><coordinates>-100.21968030,25.68238998,0</coordinates></Point></Placemark><Placemark><name>Donkey Food Park</name><description>Categoría: restaurant
Distancia al terreno: 704 m
Fuente: Overture Maps (2026)</description><Style><IconStyle><color>ff32cd32</color><Icon><href>http://maps.google.com/mapfiles/kml/shapes/play.png</href></Icon></IconStyle><LabelStyle><scale>0.7</scale></LabelStyle></Style><Point><coordinates>-100.22162542,25.68359312,0</coordinates></Point></Placemark><Placemark><name>Liga Municipal de Futbol Guadalupe</name><description>Categoría: sport_league
Distancia al terreno: 708 m
Fuente: Overture Maps (2026)</description><Style><IconStyle><color>ff32cd32</color><Icon><href>http://maps.google.com/mapfiles/kml/shapes/play.png</href></Icon></IconStyle><LabelStyle><scale>0.7</scale></LabelStyle></Style><Point><coordinates>-100.22362091,25.68414340,0</coordinates></Point></Placemark><Placemark><name>Spartan Club MX</name><description>Categoría: gym
Distancia al terreno: 729 m
Fuente: Overture Maps (2026)</description><Style><IconStyle><color>ff32cd32</color><Icon><href>http://maps.google.com/mapfiles/kml/shapes/play.png</href></Icon></IconStyle><LabelStyle><scale>0.7</scale></LabelStyle></Style><Point><coordinates>-100.22210000,25.68401000,0</coordinates></Point></Placemark><Placemark><name>Hardcore Gym</name><description>Categoría: gym
Distancia al terreno: 733 m
Fuente: Overture Maps (2026)</description><Style><IconStyle><color>ff32cd32</color><Icon><href>http://maps.google.com/mapfiles/kml/shapes/play.png</href></Icon></IconStyle><LabelStyle><scale>0.7</scale></LabelStyle></Style><Point><coordinates>-100.22421122,25.68441566,0</coordinates></Point></Placemark><Placemark><name>ELLE Gymnastics Academy</name><description>Categoría: sports_and_recreation
Distancia al terreno: 753 m
Fuente: Overture Maps (2026)</description><Style><IconStyle><color>ff32cd32</color><Icon><href>http://maps.google.com/mapfiles/kml/shapes/play.png</href></Icon></IconStyle><LabelStyle><scale>0.7</scale></LabelStyle></Style><Point><coordinates>-100.21757000,25.67483000,0</coordinates></Point></Placemark><Placemark><name>El Recreo Bar Billard</name><description>Categoría: sport_or_fitness_facility
Distancia al terreno: 762 m
Fuente: Overture Maps (2026)</description><Style><IconStyle><color>ff32cd32</color><Icon><href>http://maps.google.com/mapfiles/kml/shapes/play.png</href></Icon></IconStyle><LabelStyle><scale>0.7</scale></LabelStyle></Style><Point><coordinates>-100.21745682,25.67491031,0</coordinates></Point></Placemark><Placemark><name>Parque Lineal Las Torres Guadalupe</name><description>Categoría: park
Distancia al terreno: 782 m
Fuente: Overture Maps (2026)</description><Style><IconStyle><color>ff32cd32</color><Icon><href>http://maps.google.com/mapfiles/kml/shapes/play.png</href></Icon></IconStyle><LabelStyle><scale>0.7</scale></LabelStyle></Style><Point><coordinates>-100.21835950,25.67269770,0</coordinates></Point></Placemark><Placemark><name>Jump Fit Vitality</name><description>Categoría: sport_or_fitness_facility
Distancia al terreno: 793 m
Fuente: Overture Maps (2026)</description><Style><IconStyle><color>ff32cd32</color><Icon><href>http://maps.google.com/mapfiles/kml/shapes/play.png</href></Icon></IconStyle><LabelStyle><scale>0.7</scale></LabelStyle></Style><Point><coordinates>-100.21916300,25.68307500,0</coordinates></Point></Placemark><Placemark><name>Boxing México</name><description>Categoría: sport_league
Distancia al terreno: 798 m
Fuente: Overture Maps (2026)</description><Style><IconStyle><color>ff32cd32</color><Icon><href>http://maps.google.com/mapfiles/kml/shapes/play.png</href></Icon></IconStyle><LabelStyle><scale>0.7</scale></LabelStyle></Style><Point><coordinates>-100.22058257,25.68406931,0</coordinates></Point></Placemark><Placemark><name>FigthersTeam FigthersTeam</name><description>Categoría: sport_or_fitness_facility
Distancia al terreno: 814 m
Fuente: Overture Maps (2026)</description><Style><IconStyle><color>ff32cd32</color><Icon><href>http://maps.google.com/mapfiles/kml/shapes/play.png</href></Icon></IconStyle><LabelStyle><scale>0.7</scale></LabelStyle></Style><Point><coordinates>-100.22037870,25.68412620,0</coordinates></Point></Placemark><Placemark><name>RB Gym Life Style</name><description>Categoría: gym
Distancia al terreno: 815 m
Fuente: Overture Maps (2026)</description><Style><IconStyle><color>ff32cd32</color><Icon><href>http://maps.google.com/mapfiles/kml/shapes/play.png</href></Icon></IconStyle><LabelStyle><scale>0.7</scale></LabelStyle></Style><Point><coordinates>-100.23062531,25.68306055,0</coordinates></Point></Placemark><Placemark><name>VitaMoov</name><description>Categoría: fitness_studio
Distancia al terreno: 822 m
Fuente: Overture Maps (2026)</description><Style><IconStyle><color>ff32cd32</color><Icon><href>http://maps.google.com/mapfiles/kml/shapes/play.png</href></Icon></IconStyle><LabelStyle><scale>0.7</scale></LabelStyle></Style><Point><coordinates>-100.21962669,25.68375690,0</coordinates></Point></Placemark><Placemark><name>Quinta  Matias</name><description>Categoría: sports_and_recreation
Distancia al terreno: 853 m
Fuente: Overture Maps (2026)</description><Style><IconStyle><color>ff32cd32</color><Icon><href>http://maps.google.com/mapfiles/kml/shapes/play.png</href></Icon></IconStyle><LabelStyle><scale>0.7</scale></LabelStyle></Style><Point><coordinates>-100.22122000,25.66970000,0</coordinates></Point></Placemark><Placemark><name>Nateve's Gym</name><description>Categoría: sports_and_recreation
Distancia al terreno: 855 m
Fuente: Overture Maps (2026)</description><Style><IconStyle><color>ff32cd32</color><Icon><href>http://maps.google.com/mapfiles/kml/shapes/play.png</href></Icon></IconStyle><LabelStyle><scale>0.7</scale></LabelStyle></Style><Point><coordinates>-100.23120999,25.67122193,0</coordinates></Point></Placemark><Placemark><name>Leo Training Boxing &amp; Baile Fit</name><description>Categoría: sports_and_recreation
Distancia al terreno: 864 m
Fuente: Overture Maps (2026)</description><Style><IconStyle><color>ff32cd32</color><Icon><href>http://maps.google.com/mapfiles/kml/shapes/play.png</href></Icon></IconStyle><LabelStyle><scale>0.7</scale></LabelStyle></Style><Point><coordinates>-100.22061000,25.66987000,0</coordinates></Point></Placemark><Placemark><name>Apocalipsis</name><description>Categoría: gym
Distancia al terreno: 883 m
Fuente: Overture Maps (2026)</description><Style><IconStyle><color>ff32cd32</color><Icon><href>http://maps.google.com/mapfiles/kml/shapes/play.png</href></Icon></IconStyle><LabelStyle><scale>0.7</scale></LabelStyle></Style><Point><coordinates>-100.21900417,25.68402142,0</coordinates></Point></Placemark><Placemark><name>Billares La Silla</name><description>Categoría: sport_or_fitness_facility
Distancia al terreno: 900 m
Fuente: Overture Maps (2026)</description><Style><IconStyle><color>ff32cd32</color><Icon><href>http://maps.google.com/mapfiles/kml/shapes/play.png</href></Icon></IconStyle><LabelStyle><scale>0.7</scale></LabelStyle></Style><Point><coordinates>-100.23417145,25.67803231,0</coordinates></Point></Placemark><Placemark><name>Aikido Zan Shin Dojo</name><description>Categoría: sport_or_recreation_club
Distancia al terreno: 916 m
Fuente: Overture Maps (2026)</description><Style><IconStyle><color>ff32cd32</color><Icon><href>http://maps.google.com/mapfiles/kml/shapes/play.png</href></Icon></IconStyle><LabelStyle><scale>0.7</scale></LabelStyle></Style><Point><coordinates>-100.23229820,25.68273702,0</coordinates></Point></Placemark><Placemark><name>Vikingos Academia</name><description>Categoría: sport_court
Distancia al terreno: 916 m
Fuente: Overture Maps (2026)</description><Style><IconStyle><color>ff32cd32</color><Icon><href>http://maps.google.com/mapfiles/kml/shapes/play.png</href></Icon></IconStyle><LabelStyle><scale>0.7</scale></LabelStyle></Style><Point><coordinates>-100.22249669,25.68586608,0</coordinates></Point></Placemark><Placemark><name>Campo El Pozo Gpe</name><description>Categoría: stadium_arena
Distancia al terreno: 926 m
Fuente: Overture Maps (2026)</description><Style><IconStyle><color>ff32cd32</color><Icon><href>http://maps.google.com/mapfiles/kml/shapes/play.png</href></Icon></IconStyle><LabelStyle><scale>0.7</scale></LabelStyle></Style><Point><coordinates>-100.22233769,25.68592089,0</coordinates></Point></Placemark><Placemark><name>Club de Fútbol Gavilanes Guadalupe</name><description>Categoría: sport_team
Distancia al terreno: 936 m
Fuente: Overture Maps (2026)</description><Style><IconStyle><color>ff32cd32</color><Icon><href>http://maps.google.com/mapfiles/kml/shapes/play.png</href></Icon></IconStyle><LabelStyle><scale>0.7</scale></LabelStyle></Style><Point><coordinates>-100.22220000,25.68598686,0</coordinates></Point></Placemark><Placemark><name>Quinta rocky</name><description>Categoría: sport_or_fitness_facility
Distancia al terreno: 937 m
Fuente: Overture Maps (2026)</description><Style><IconStyle><color>ff32cd32</color><Icon><href>http://maps.google.com/mapfiles/kml/shapes/play.png</href></Icon></IconStyle><LabelStyle><scale>0.7</scale></LabelStyle></Style><Point><coordinates>-100.23138000,25.67036000,0</coordinates></Point></Placemark><Placemark><name>Delta Training Center</name><description>Categoría: gym
Distancia al terreno: 939 m
Fuente: Overture Maps (2026)</description><Style><IconStyle><color>ff32cd32</color><Icon><href>http://maps.google.com/mapfiles/kml/shapes/play.png</href></Icon></IconStyle><LabelStyle><scale>0.7</scale></LabelStyle></Style><Point><coordinates>-100.22997711,25.68491122,0</coordinates></Point></Placemark><Placemark><name>Parque Nacional Cumbres Monterrey</name><description>Categoría: national_park
Distancia al terreno: 940 m
Fuente: Overture Maps (2026)</description><Style><IconStyle><color>ff32cd32</color><Icon><href>http://maps.google.com/mapfiles/kml/shapes/play.png</href></Icon></IconStyle><LabelStyle><scale>0.7</scale></LabelStyle></Style><Point><coordinates>-100.21625350,25.67319810,0</coordinates></Point></Placemark><Placemark><name>cafe rock billiards</name><description>Categoría: sport_or_fitness_facility
Distancia al terreno: 942 m
Fuente: Overture Maps (2026)</description><Style><IconStyle><color>ff32cd32</color><Icon><href>http://maps.google.com/mapfiles/kml/shapes/play.png</href></Icon></IconStyle><LabelStyle><scale>0.7</scale></LabelStyle></Style><Point><coordinates>-100.23462117,25.67786007,0</coordinates></Point></Placemark><Placemark><name>Falcon academy</name><description>Categoría: sport_or_fitness_facility
Distancia al terreno: 943 m
Fuente: Overture Maps (2026)</description><Style><IconStyle><color>ff32cd32</color><Icon><href>http://maps.google.com/mapfiles/kml/shapes/play.png</href></Icon></IconStyle><LabelStyle><scale>0.7</scale></LabelStyle></Style><Point><coordinates>-100.22393798,25.66821195,0</coordinates></Point></Placemark><Placemark><name>Mini quinta Cuadro Chico 97</name><description>Categoría: sport_or_fitness_facility
Distancia al terreno: 989 m
Fuente: Overture Maps (2026)</description><Style><IconStyle><color>ff32cd32</color><Icon><href>http://maps.google.com/mapfiles/kml/shapes/play.png</href></Icon></IconStyle><LabelStyle><scale>0.7</scale></LabelStyle></Style><Point><coordinates>-100.23291604,25.67111392,0</coordinates></Point></Placemark><Placemark><name>Fit Boost by Joss</name><description>Categoría: sport_or_fitness_facility
Distancia al terreno: 990 m
Fuente: Overture Maps (2026)</description><Style><IconStyle><color>ff32cd32</color><Icon><href>http://maps.google.com/mapfiles/kml/shapes/play.png</href></Icon></IconStyle><LabelStyle><scale>0.7</scale></LabelStyle></Style><Point><coordinates>-100.22465404,25.66775610,0</coordinates></Point></Placemark></Folder><Folder><name>10. Comercio y alimentos (500 m)</name><Placemark><name>KFC</name><description>Categoría: fast_food_restaurant
Distancia al terreno: 41 m
Fuente: Overture Maps (2026)</description><Style><IconStyle><color>ff1e90ff</color><Icon><href>http://maps.google.com/mapfiles/kml/shapes/shopping.png</href></Icon></IconStyle><LabelStyle><scale>0.7</scale></LabelStyle></Style><Point><coordinates>-100.22570500,25.67675700,0</coordinates></Point></Placemark><Placemark><name>First Cash Pawn</name><description>Categoría: second_hand_store
Distancia al terreno: 109 m
Fuente: Overture Maps (2026)</description><Style><IconStyle><color>ff1e90ff</color><Icon><href>http://maps.google.com/mapfiles/kml/shapes/shopping.png</href></Icon></IconStyle><LabelStyle><scale>0.7</scale></LabelStyle></Style><Point><coordinates>-100.22382930,25.67622890,0</coordinates></Point></Placemark><Placemark><name>El Castillo de las tostadas </name><description>Categoría: food_truck_stand
Distancia al terreno: 128 m
Fuente: Overture Maps (2026)</description><Style><IconStyle><color>ff1e90ff</color><Icon><href>http://maps.google.com/mapfiles/kml/shapes/shopping.png</href></Icon></IconStyle><LabelStyle><scale>0.7</scale></LabelStyle></Style><Point><coordinates>-100.22416000,25.67567000,0</coordinates></Point></Placemark><Placemark><name>Rectificaciones Royle</name><description>Categoría: vehicle_parts_store
Distancia al terreno: 154 m
Fuente: Overture Maps (2026)</description><Style><IconStyle><color>ff1e90ff</color><Icon><href>http://maps.google.com/mapfiles/kml/shapes/shopping.png</href></Icon></IconStyle><LabelStyle><scale>0.7</scale></LabelStyle></Style><Point><coordinates>-100.22343330,25.67604453,0</coordinates></Point></Placemark><Placemark><name>Modelorama</name><description>Categoría: food_and_beverage_store
Distancia al terreno: 159 m
Fuente: Overture Maps (2026)</description><Style><IconStyle><color>ff1e90ff</color><Icon><href>http://maps.google.com/mapfiles/kml/shapes/shopping.png</href></Icon></IconStyle><LabelStyle><scale>0.7</scale></LabelStyle></Style><Point><coordinates>-100.22463780,25.67523950,0</coordinates></Point></Placemark><Placemark><name>Dulcería Los Reyes</name><description>Categoría: casual_eatery
Distancia al terreno: 162 m
Fuente: Overture Maps (2026)</description><Style><IconStyle><color>ff1e90ff</color><Icon><href>http://maps.google.com/mapfiles/kml/shapes/shopping.png</href></Icon></IconStyle><LabelStyle><scale>0.7</scale></LabelStyle></Style><Point><coordinates>-100.22465254,25.67520592,0</coordinates></Point></Placemark><Placemark><name>Huayapam Gift Shop</name><description>Categoría: flowers_and_gifts_store
Distancia al terreno: 172 m
Fuente: Overture Maps (2026)</description><Style><IconStyle><color>ff1e90ff</color><Icon><href>http://maps.google.com/mapfiles/kml/shapes/shopping.png</href></Icon></IconStyle><LabelStyle><scale>0.7</scale></LabelStyle></Style><Point><coordinates>-100.22312000,25.67635000,0</coordinates></Point></Placemark><Placemark><name>Refaccionaria Moderna</name><description>Categoría: vehicle_parts_store
Distancia al terreno: 180 m
Fuente: Overture Maps (2026)</description><Style><IconStyle><color>ff1e90ff</color><Icon><href>http://maps.google.com/mapfiles/kml/shapes/shopping.png</href></Icon></IconStyle><LabelStyle><scale>0.7</scale></LabelStyle></Style><Point><coordinates>-100.22319250,25.67594177,0</coordinates></Point></Placemark><Placemark><name>Luvia Bazar</name><description>Categoría: second_hand_store
Distancia al terreno: 203 m
Fuente: Overture Maps (2026)</description><Style><IconStyle><color>ff1e90ff</color><Icon><href>http://maps.google.com/mapfiles/kml/shapes/shopping.png</href></Icon></IconStyle><LabelStyle><scale>0.7</scale></LabelStyle></Style><Point><coordinates>-100.22651487,25.67530069,0</coordinates></Point></Placemark><Placemark><name>Tamales Licha</name><description>Categoría: restaurant
Distancia al terreno: 216 m
Fuente: Overture Maps (2026)</description><Style><IconStyle><color>ff1e90ff</color><Icon><href>http://maps.google.com/mapfiles/kml/shapes/shopping.png</href></Icon></IconStyle><LabelStyle><scale>0.7</scale></LabelStyle></Style><Point><coordinates>-100.22657323,25.67520251,0</coordinates></Point></Placemark><Placemark><name>Hotchos Burger Échale Primo</name><description>Categoría: restaurant
Distancia al terreno: 220 m
Fuente: Overture Maps (2026)</description><Style><IconStyle><color>ff1e90ff</color><Icon><href>http://maps.google.com/mapfiles/kml/shapes/shopping.png</href></Icon></IconStyle><LabelStyle><scale>0.7</scale></LabelStyle></Style><Point><coordinates>-100.22440318,25.67471781,0</coordinates></Point></Placemark><Placemark><name>Isocore</name><description>Categoría: specialty_store
Distancia al terreno: 246 m
Fuente: Overture Maps (2026)</description><Style><IconStyle><color>ff1e90ff</color><Icon><href>http://maps.google.com/mapfiles/kml/shapes/shopping.png</href></Icon></IconStyle><LabelStyle><scale>0.7</scale></LabelStyle></Style><Point><coordinates>-100.22504000,25.67446000,0</coordinates></Point></Placemark><Placemark><name>Bodega Aurrera Express</name><description>Categoría: discount_store
Distancia al terreno: 251 m
Fuente: Overture Maps (2026)</description><Style><IconStyle><color>ff1e90ff</color><Icon><href>http://maps.google.com/mapfiles/kml/shapes/shopping.png</href></Icon></IconStyle><LabelStyle><scale>0.7</scale></LabelStyle></Style><Point><coordinates>-100.22254728,25.67568615,0</coordinates></Point></Placemark><Placemark><name>Fricky's Burger</name><description>Categoría: restaurant
Distancia al terreno: 269 m
Fuente: Overture Maps (2026)</description><Style><IconStyle><color>ff1e90ff</color><Icon><href>http://maps.google.com/mapfiles/kml/shapes/shopping.png</href></Icon></IconStyle><LabelStyle><scale>0.7</scale></LabelStyle></Style><Point><coordinates>-100.22504633,25.67425484,0</coordinates></Point></Placemark><Placemark><name>Fruteria Real</name><description>Categoría: food_and_beverage_store
Distancia al terreno: 271 m
Fuente: Overture Maps (2026)</description><Style><IconStyle><color>ff1e90ff</color><Icon><href>http://maps.google.com/mapfiles/kml/shapes/shopping.png</href></Icon></IconStyle><LabelStyle><scale>0.7</scale></LabelStyle></Style><Point><coordinates>-100.22259319,25.67525707,0</coordinates></Point></Placemark><Placemark><name>Regis burger</name><description>Categoría: casual_eatery
Distancia al terreno: 276 m
Fuente: Overture Maps (2026)</description><Style><IconStyle><color>ff1e90ff</color><Icon><href>http://maps.google.com/mapfiles/kml/shapes/shopping.png</href></Icon></IconStyle><LabelStyle><scale>0.7</scale></LabelStyle></Style><Point><coordinates>-100.22209635,25.67899001,0</coordinates></Point></Placemark><Placemark><name>GLES STORE</name><description>Categoría: 
Distancia al terreno: 278 m
Fuente: Overture Maps (2026)</description><Style><IconStyle><color>ff1e90ff</color><Icon><href>http://maps.google.com/mapfiles/kml/shapes/shopping.png</href></Icon></IconStyle><LabelStyle><scale>0.7</scale></LabelStyle></Style><Point><coordinates>-100.22228000,25.67929000,0</coordinates></Point></Placemark><Placemark><name>Tacos Dany</name><description>Categoría: restaurant
Distancia al terreno: 279 m
Fuente: Overture Maps (2026)</description><Style><IconStyle><color>ff1e90ff</color><Icon><href>http://maps.google.com/mapfiles/kml/shapes/shopping.png</href></Icon></IconStyle><LabelStyle><scale>0.7</scale></LabelStyle></Style><Point><coordinates>-100.22255000,25.67519000,0</coordinates></Point></Placemark><Placemark><name>Six “Del Río”</name><description>Categoría: food_and_beverage_store
Distancia al terreno: 285 m
Fuente: Overture Maps (2026)</description><Style><IconStyle><color>ff1e90ff</color><Icon><href>http://maps.google.com/mapfiles/kml/shapes/shopping.png</href></Icon></IconStyle><LabelStyle><scale>0.7</scale></LabelStyle></Style><Point><coordinates>-100.22659000,25.67988000,0</coordinates></Point></Placemark><Placemark><name>Bombonito Repostería</name><description>Categoría: casual_eatery
Distancia al terreno: 287 m
Fuente: Overture Maps (2026)</description><Style><IconStyle><color>ff1e90ff</color><Icon><href>http://maps.google.com/mapfiles/kml/shapes/shopping.png</href></Icon></IconStyle><LabelStyle><scale>0.7</scale></LabelStyle></Style><Point><coordinates>-100.22188600,25.67664174,0</coordinates></Point></Placemark><Placemark><name>Crepas la 20</name><description>Categoría: restaurant
Distancia al terreno: 287 m
Fuente: Overture Maps (2026)</description><Style><IconStyle><color>ff1e90ff</color><Icon><href>http://maps.google.com/mapfiles/kml/shapes/shopping.png</href></Icon></IconStyle><LabelStyle><scale>0.7</scale></LabelStyle></Style><Point><coordinates>-100.22669706,25.67450801,0</coordinates></Point></Placemark><Placemark><name>Menat Snack</name><description>Categoría: casual_eatery
Distancia al terreno: 288 m
Fuente: Overture Maps (2026)</description><Style><IconStyle><color>ff1e90ff</color><Icon><href>http://maps.google.com/mapfiles/kml/shapes/shopping.png</href></Icon></IconStyle><LabelStyle><scale>0.7</scale></LabelStyle></Style><Point><coordinates>-100.22669306,25.67449693,0</coordinates></Point></Placemark><Placemark><name>Joker Wings</name><description>Categoría: restaurant
Distancia al terreno: 290 m
Fuente: Overture Maps (2026)</description><Style><IconStyle><color>ff1e90ff</color><Icon><href>http://maps.google.com/mapfiles/kml/shapes/shopping.png</href></Icon></IconStyle><LabelStyle><scale>0.7</scale></LabelStyle></Style><Point><coordinates>-100.22262493,25.67495212,0</coordinates></Point></Placemark><Placemark><name>Elotes Camino real</name><description>Categoría: restaurant
Distancia al terreno: 307 m
Fuente: Overture Maps (2026)</description><Style><IconStyle><color>ff1e90ff</color><Icon><href>http://maps.google.com/mapfiles/kml/shapes/shopping.png</href></Icon></IconStyle><LabelStyle><scale>0.7</scale></LabelStyle></Style><Point><coordinates>-100.22238183,25.67497286,0</coordinates></Point></Placemark><Placemark><name>Tortas el refugio</name><description>Categoría: restaurant
Distancia al terreno: 309 m
Fuente: Overture Maps (2026)</description><Style><IconStyle><color>ff1e90ff</color><Icon><href>http://maps.google.com/mapfiles/kml/shapes/shopping.png</href></Icon></IconStyle><LabelStyle><scale>0.7</scale></LabelStyle></Style><Point><coordinates>-100.22657000,25.68014000,0</coordinates></Point></Placemark><Placemark><name>Pollos a la Funebre</name><description>Categoría: restaurant
Distancia al terreno: 309 m
Fuente: Overture Maps (2026)</description><Style><IconStyle><color>ff1e90ff</color><Icon><href>http://maps.google.com/mapfiles/kml/shapes/shopping.png</href></Icon></IconStyle><LabelStyle><scale>0.7</scale></LabelStyle></Style><Point><coordinates>-100.22266202,25.67466489,0</coordinates></Point></Placemark><Placemark><name>Comidas Don Juanito</name><description>Categoría: restaurant
Distancia al terreno: 309 m
Fuente: Overture Maps (2026)</description><Style><IconStyle><color>ff1e90ff</color><Icon><href>http://maps.google.com/mapfiles/kml/shapes/shopping.png</href></Icon></IconStyle><LabelStyle><scale>0.7</scale></LabelStyle></Style><Point><coordinates>-100.22229815,25.67503830,0</coordinates></Point></Placemark><Placemark><name>Little Pizza</name><description>Categoría: restaurant
Distancia al terreno: 311 m
Fuente: Overture Maps (2026)</description><Style><IconStyle><color>ff1e90ff</color><Icon><href>http://maps.google.com/mapfiles/kml/shapes/shopping.png</href></Icon></IconStyle><LabelStyle><scale>0.7</scale></LabelStyle></Style><Point><coordinates>-100.22192964,25.67935440,0</coordinates></Point></Placemark><Placemark><name>Grupo de Reparto Sánchez</name><description>Categoría: shopping
Distancia al terreno: 315 m
Fuente: Overture Maps (2026)</description><Style><IconStyle><color>ff1e90ff</color><Icon><href>http://maps.google.com/mapfiles/kml/shapes/shopping.png</href></Icon></IconStyle><LabelStyle><scale>0.7</scale></LabelStyle></Style><Point><coordinates>-100.22273512,25.68015791,0</coordinates></Point></Placemark><Placemark><name>Hielo Purificado Aguardo</name><description>Categoría: restaurant
Distancia al terreno: 315 m
Fuente: Overture Maps (2026)</description><Style><IconStyle><color>ff1e90ff</color><Icon><href>http://maps.google.com/mapfiles/kml/shapes/shopping.png</href></Icon></IconStyle><LabelStyle><scale>0.7</scale></LabelStyle></Style><Point><coordinates>-100.22464000,25.67383000,0</coordinates></Point></Placemark><Placemark><name>Frank’s</name><description>Categoría: restaurant
Distancia al terreno: 316 m
Fuente: Overture Maps (2026)</description><Style><IconStyle><color>ff1e90ff</color><Icon><href>http://maps.google.com/mapfiles/kml/shapes/shopping.png</href></Icon></IconStyle><LabelStyle><scale>0.7</scale></LabelStyle></Style><Point><coordinates>-100.22648273,25.67413369,0</coordinates></Point></Placemark><Placemark><name>Paletería y Nevería La Fresa</name><description>Categoría: casual_eatery
Distancia al terreno: 320 m
Fuente: Overture Maps (2026)</description><Style><IconStyle><color>ff1e90ff</color><Icon><href>http://maps.google.com/mapfiles/kml/shapes/shopping.png</href></Icon></IconStyle><LabelStyle><scale>0.7</scale></LabelStyle></Style><Point><coordinates>-100.22681545,25.67423262,0</coordinates></Point></Placemark><Placemark><name>Cachie's Makeup &amp; More</name><description>Categoría: personal_care_and_beauty_store
Distancia al terreno: 324 m
Fuente: Overture Maps (2026)</description><Style><IconStyle><color>ff1e90ff</color><Icon><href>http://maps.google.com/mapfiles/kml/shapes/shopping.png</href></Icon></IconStyle><LabelStyle><scale>0.7</scale></LabelStyle></Style><Point><coordinates>-100.22279870,25.67437230,0</coordinates></Point></Placemark><Placemark><name>Decorarte by Lau Villa</name><description>Categoría: specialty_store
Distancia al terreno: 326 m
Fuente: Overture Maps (2026)</description><Style><IconStyle><color>ff1e90ff</color><Icon><href>http://maps.google.com/mapfiles/kml/shapes/shopping.png</href></Icon></IconStyle><LabelStyle><scale>0.7</scale></LabelStyle></Style><Point><coordinates>-100.22271038,25.68026877,0</coordinates></Point></Placemark><Placemark><name>Artículos deportivos</name><description>Categoría: sporting_goods_store
Distancia al terreno: 330 m
Fuente: Overture Maps (2026)</description><Style><IconStyle><color>ff1e90ff</color><Icon><href>http://maps.google.com/mapfiles/kml/shapes/shopping.png</href></Icon></IconStyle><LabelStyle><scale>0.7</scale></LabelStyle></Style><Point><coordinates>-100.22266000,25.68028000,0</coordinates></Point></Placemark><Placemark><name>OXXO</name><description>Categoría: convenience_store
Distancia al terreno: 331 m
Fuente: Overture Maps (2026)</description><Style><IconStyle><color>ff1e90ff</color><Icon><href>http://maps.google.com/mapfiles/kml/shapes/shopping.png</href></Icon></IconStyle><LabelStyle><scale>0.7</scale></LabelStyle></Style><Point><coordinates>-100.22248485,25.68017321,0</coordinates></Point></Placemark><Placemark><name>Tacos Duran</name><description>Categoría: food_truck_stand
Distancia al terreno: 333 m
Fuente: Overture Maps (2026)</description><Style><IconStyle><color>ff1e90ff</color><Icon><href>http://maps.google.com/mapfiles/kml/shapes/shopping.png</href></Icon></IconStyle><LabelStyle><scale>0.7</scale></LabelStyle></Style><Point><coordinates>-100.22168000,25.67938000,0</coordinates></Point></Placemark><Placemark><name>Pimienta Studio</name><description>Categoría: flowers_and_gifts_store
Distancia al terreno: 334 m
Fuente: Overture Maps (2026)</description><Style><IconStyle><color>ff1e90ff</color><Icon><href>http://maps.google.com/mapfiles/kml/shapes/shopping.png</href></Icon></IconStyle><LabelStyle><scale>0.7</scale></LabelStyle></Style><Point><coordinates>-100.22455248,25.67366926,0</coordinates></Point></Placemark><Placemark><name>Dulceria</name><description>Categoría: casual_eatery
Distancia al terreno: 335 m
Fuente: Overture Maps (2026)</description><Style><IconStyle><color>ff1e90ff</color><Icon><href>http://maps.google.com/mapfiles/kml/shapes/shopping.png</href></Icon></IconStyle><LabelStyle><scale>0.7</scale></LabelStyle></Style><Point><coordinates>-100.22271111,25.67431700,0</coordinates></Point></Placemark><Placemark><name>La comida del uruguasho morales</name><description>Categoría: food_truck_stand
Distancia al terreno: 335 m
Fuente: Overture Maps (2026)</description><Style><IconStyle><color>ff1e90ff</color><Icon><href>http://maps.google.com/mapfiles/kml/shapes/shopping.png</href></Icon></IconStyle><LabelStyle><scale>0.7</scale></LabelStyle></Style><Point><coordinates>-100.22165000,25.67937000,0</coordinates></Point></Placemark><Placemark><name>Hotchos and Wings El Rey</name><description>Categoría: fast_food_restaurant
Distancia al terreno: 339 m
Fuente: Overture Maps (2026)</description><Style><IconStyle><color>ff1e90ff</color><Icon><href>http://maps.google.com/mapfiles/kml/shapes/shopping.png</href></Icon></IconStyle><LabelStyle><scale>0.7</scale></LabelStyle></Style><Point><coordinates>-100.22201146,25.67987282,0</coordinates></Point></Placemark><Placemark><name>Yeguada la reserva original Carolina González</name><description>Categoría: shopping
Distancia al terreno: 340 m
Fuente: Overture Maps (2026)</description><Style><IconStyle><color>ff1e90ff</color><Icon><href>http://maps.google.com/mapfiles/kml/shapes/shopping.png</href></Icon></IconStyle><LabelStyle><scale>0.7</scale></LabelStyle></Style><Point><coordinates>-100.22555000,25.68076000,0</coordinates></Point></Placemark><Placemark><name>Morgan's Pizza</name><description>Categoría: food_and_beverage_store
Distancia al terreno: 343 m
Fuente: Overture Maps (2026)</description><Style><IconStyle><color>ff1e90ff</color><Icon><href>http://maps.google.com/mapfiles/kml/shapes/shopping.png</href></Icon></IconStyle><LabelStyle><scale>0.7</scale></LabelStyle></Style><Point><coordinates>-100.22275000,25.67419000,0</coordinates></Point></Placemark><Placemark><name>Panadería La Ideal</name><description>Categoría: casual_eatery
Distancia al terreno: 346 m
Fuente: Overture Maps (2026)</description><Style><IconStyle><color>ff1e90ff</color><Icon><href>http://maps.google.com/mapfiles/kml/shapes/shopping.png</href></Icon></IconStyle><LabelStyle><scale>0.7</scale></LabelStyle></Style><Point><coordinates>-100.22151855,25.67570390,0</coordinates></Point></Placemark><Placemark><name>El Horno Express</name><description>Categoría: restaurant
Distancia al terreno: 348 m
Fuente: Overture Maps (2026)</description><Style><IconStyle><color>ff1e90ff</color><Icon><href>http://maps.google.com/mapfiles/kml/shapes/shopping.png</href></Icon></IconStyle><LabelStyle><scale>0.7</scale></LabelStyle></Style><Point><coordinates>-100.22681647,25.67395203,0</coordinates></Point></Placemark><Placemark><name>Bellan Boutique Farmasi Distribuidor</name><description>Categoría: fashion_and_apparel_store
Distancia al terreno: 349 m
Fuente: Overture Maps (2026)</description><Style><IconStyle><color>ff1e90ff</color><Icon><href>http://maps.google.com/mapfiles/kml/shapes/shopping.png</href></Icon></IconStyle><LabelStyle><scale>0.7</scale></LabelStyle></Style><Point><coordinates>-100.22688354,25.67397334,0</coordinates></Point></Placemark><Placemark><name>Listones y Accesorios Paloma</name><description>Categoría: fashion_and_apparel_store
Distancia al terreno: 350 m
Fuente: Overture Maps (2026)</description><Style><IconStyle><color>ff1e90ff</color><Icon><href>http://maps.google.com/mapfiles/kml/shapes/shopping.png</href></Icon></IconStyle><LabelStyle><scale>0.7</scale></LabelStyle></Style><Point><coordinates>-100.22505287,25.68094713,0</coordinates></Point></Placemark><Placemark><name>Sopes doña silvia</name><description>Categoría: restaurant
Distancia al terreno: 351 m
Fuente: Overture Maps (2026)</description><Style><IconStyle><color>ff1e90ff</color><Icon><href>http://maps.google.com/mapfiles/kml/shapes/shopping.png</href></Icon></IconStyle><LabelStyle><scale>0.7</scale></LabelStyle></Style><Point><coordinates>-100.22203705,25.68005627,0</coordinates></Point></Placemark><Placemark><name>Fox Disco</name><description>Categoría: hardware_home_and_garden_store
Distancia al terreno: 356 m
Fuente: Overture Maps (2026)</description><Style><IconStyle><color>ff1e90ff</color><Icon><href>http://maps.google.com/mapfiles/kml/shapes/shopping.png</href></Icon></IconStyle><LabelStyle><scale>0.7</scale></LabelStyle></Style><Point><coordinates>-100.22365612,25.67363222,0</coordinates></Point></Placemark><Placemark><name>Luna photography&amp;shop</name><description>Categoría: electronics_store
Distancia al terreno: 362 m
Fuente: Overture Maps (2026)</description><Style><IconStyle><color>ff1e90ff</color><Icon><href>http://maps.google.com/mapfiles/kml/shapes/shopping.png</href></Icon></IconStyle><LabelStyle><scale>0.7</scale></LabelStyle></Style><Point><coordinates>-100.22298000,25.67385000,0</coordinates></Point></Placemark><Placemark><name>Zonadeahumado</name><description>Categoría: restaurant
Distancia al terreno: 364 m
Fuente: Overture Maps (2026)</description><Style><IconStyle><color>ff1e90ff</color><Icon><href>http://maps.google.com/mapfiles/kml/shapes/shopping.png</href></Icon></IconStyle><LabelStyle><scale>0.7</scale></LabelStyle></Style><Point><coordinates>-100.22548995,25.67344627,0</coordinates></Point></Placemark><Placemark><name>La Cuchara Panzona</name><description>Categoría: fast_food_restaurant
Distancia al terreno: 366 m
Fuente: Overture Maps (2026)</description><Style><IconStyle><color>ff1e90ff</color><Icon><href>http://maps.google.com/mapfiles/kml/shapes/shopping.png</href></Icon></IconStyle><LabelStyle><scale>0.7</scale></LabelStyle></Style><Point><coordinates>-100.22121000,25.67921000,0</coordinates></Point></Placemark><Placemark><name>Super Tacos de Bistec y Sabanitas Don bigos,Don panchito</name><description>Categoría: restaurant
Distancia al terreno: 366 m
Fuente: Overture Maps (2026)</description><Style><IconStyle><color>ff1e90ff</color><Icon><href>http://maps.google.com/mapfiles/kml/shapes/shopping.png</href></Icon></IconStyle><LabelStyle><scale>0.7</scale></LabelStyle></Style><Point><coordinates>-100.22233307,25.67423399,0</coordinates></Point></Placemark><Placemark><name>Tacos Enrollados Bam Bam</name><description>Categoría: food_truck_stand
Distancia al terreno: 377 m
Fuente: Overture Maps (2026)</description><Style><IconStyle><color>ff1e90ff</color><Icon><href>http://maps.google.com/mapfiles/kml/shapes/shopping.png</href></Icon></IconStyle><LabelStyle><scale>0.7</scale></LabelStyle></Style><Point><coordinates>-100.22283000,25.67378000,0</coordinates></Point></Placemark><Placemark><name>OXXO</name><description>Categoría: shopping
Distancia al terreno: 377 m
Fuente: Overture Maps (2026)</description><Style><IconStyle><color>ff1e90ff</color><Icon><href>http://maps.google.com/mapfiles/kml/shapes/shopping.png</href></Icon></IconStyle><LabelStyle><scale>0.7</scale></LabelStyle></Style><Point><coordinates>-100.22283000,25.67378000,0</coordinates></Point></Placemark><Placemark><name>La Garrita de la Suerte </name><description>Categoría: casual_eatery
Distancia al terreno: 377 m
Fuente: Overture Maps (2026)</description><Style><IconStyle><color>ff1e90ff</color><Icon><href>http://maps.google.com/mapfiles/kml/shapes/shopping.png</href></Icon></IconStyle><LabelStyle><scale>0.7</scale></LabelStyle></Style><Point><coordinates>-100.22283000,25.67378000,0</coordinates></Point></Placemark><Placemark><name>Globos y Flores 30:01</name><description>Categoría: flowers_and_gifts_store
Distancia al terreno: 377 m
Fuente: Overture Maps (2026)</description><Style><IconStyle><color>ff1e90ff</color><Icon><href>http://maps.google.com/mapfiles/kml/shapes/shopping.png</href></Icon></IconStyle><LabelStyle><scale>0.7</scale></LabelStyle></Style><Point><coordinates>-100.22554763,25.67333550,0</coordinates></Point></Placemark><Placemark><name>Nieves Embarcadero</name><description>Categoría: restaurant
Distancia al terreno: 382 m
Fuente: Overture Maps (2026)</description><Style><IconStyle><color>ff1e90ff</color><Icon><href>http://maps.google.com/mapfiles/kml/shapes/shopping.png</href></Icon></IconStyle><LabelStyle><scale>0.7</scale></LabelStyle></Style><Point><coordinates>-100.22149000,25.67991000,0</coordinates></Point></Placemark><Placemark><name>Tacos Las Delicias</name><description>Categoría: restaurant
Distancia al terreno: 384 m
Fuente: Overture Maps (2026)</description><Style><IconStyle><color>ff1e90ff</color><Icon><href>http://maps.google.com/mapfiles/kml/shapes/shopping.png</href></Icon></IconStyle><LabelStyle><scale>0.7</scale></LabelStyle></Style><Point><coordinates>-100.22080000,25.67862000,0</coordinates></Point></Placemark><Placemark><name>Impermeabilizantes Elizarraga</name><description>Categoría: hardware_home_and_garden_store
Distancia al terreno: 389 m
Fuente: Overture Maps (2026)</description><Style><IconStyle><color>ff1e90ff</color><Icon><href>http://maps.google.com/mapfiles/kml/shapes/shopping.png</href></Icon></IconStyle><LabelStyle><scale>0.7</scale></LabelStyle></Style><Point><coordinates>-100.22793459,25.67419668,0</coordinates></Point></Placemark><Placemark><name>China Shopping</name><description>Categoría: 
Distancia al terreno: 392 m
Fuente: Overture Maps (2026)</description><Style><IconStyle><color>ff1e90ff</color><Icon><href>http://maps.google.com/mapfiles/kml/shapes/shopping.png</href></Icon></IconStyle><LabelStyle><scale>0.7</scale></LabelStyle></Style><Point><coordinates>-100.22139000,25.67494000,0</coordinates></Point></Placemark><Placemark><name>Tacos Don Braulio Tacubaya</name><description>Categoría: restaurant
Distancia al terreno: 394 m
Fuente: Overture Maps (2026)</description><Style><IconStyle><color>ff1e90ff</color><Icon><href>http://maps.google.com/mapfiles/kml/shapes/shopping.png</href></Icon></IconStyle><LabelStyle><scale>0.7</scale></LabelStyle></Style><Point><coordinates>-100.22192001,25.67425278,0</coordinates></Point></Placemark><Placemark><name>SUMASix 4 Pasaje Del Rio</name><description>Categoría: food_and_beverage_store
Distancia al terreno: 395 m
Fuente: Overture Maps (2026)</description><Style><IconStyle><color>ff1e90ff</color><Icon><href>http://maps.google.com/mapfiles/kml/shapes/shopping.png</href></Icon></IconStyle><LabelStyle><scale>0.7</scale></LabelStyle></Style><Point><coordinates>-100.22637300,25.68107100,0</coordinates></Point></Placemark><Placemark><name>Bonita de más - Renta de vestidos y uñas</name><description>Categoría: fashion_and_apparel_store
Distancia al terreno: 410 m
Fuente: Overture Maps (2026)</description><Style><IconStyle><color>ff1e90ff</color><Icon><href>http://maps.google.com/mapfiles/kml/shapes/shopping.png</href></Icon></IconStyle><LabelStyle><scale>0.7</scale></LabelStyle></Style><Point><coordinates>-100.22373000,25.67310000,0</coordinates></Point></Placemark><Placemark><name>Hamburguesas Ls Ballenas</name><description>Categoría: restaurant
Distancia al terreno: 417 m
Fuente: Overture Maps (2026)</description><Style><IconStyle><color>ff1e90ff</color><Icon><href>http://maps.google.com/mapfiles/kml/shapes/shopping.png</href></Icon></IconStyle><LabelStyle><scale>0.7</scale></LabelStyle></Style><Point><coordinates>-100.22275100,25.68121900,0</coordinates></Point></Placemark><Placemark><name>Elotes El Cerrito</name><description>Categoría: food_and_beverage_store
Distancia al terreno: 418 m
Fuente: Overture Maps (2026)</description><Style><IconStyle><color>ff1e90ff</color><Icon><href>http://maps.google.com/mapfiles/kml/shapes/shopping.png</href></Icon></IconStyle><LabelStyle><scale>0.7</scale></LabelStyle></Style><Point><coordinates>-100.22260000,25.68117000,0</coordinates></Point></Placemark><Placemark><name>Pop Party</name><description>Categoría: flowers_and_gifts_store
Distancia al terreno: 427 m
Fuente: Overture Maps (2026)</description><Style><IconStyle><color>ff1e90ff</color><Icon><href>http://maps.google.com/mapfiles/kml/shapes/shopping.png</href></Icon></IconStyle><LabelStyle><scale>0.7</scale></LabelStyle></Style><Point><coordinates>-100.22153000,25.68056000,0</coordinates></Point></Placemark><Placemark><name>Cesar's Games</name><description>Categoría: books_music_and_video_store
Distancia al terreno: 427 m
Fuente: Overture Maps (2026)</description><Style><IconStyle><color>ff1e90ff</color><Icon><href>http://maps.google.com/mapfiles/kml/shapes/shopping.png</href></Icon></IconStyle><LabelStyle><scale>0.7</scale></LabelStyle></Style><Point><coordinates>-100.22153000,25.68056000,0</coordinates></Point></Placemark><Placemark><name>DAR Refaccionarias Guadalupe</name><description>Categoría: hardware_home_and_garden_store
Distancia al terreno: 428 m
Fuente: Overture Maps (2026)</description><Style><IconStyle><color>ff1e90ff</color><Icon><href>http://maps.google.com/mapfiles/kml/shapes/shopping.png</href></Icon></IconStyle><LabelStyle><scale>0.7</scale></LabelStyle></Style><Point><coordinates>-100.22064271,25.67580145,0</coordinates></Point></Placemark><Placemark><name>Mueblería Hima</name><description>Categoría: hardware_home_and_garden_store
Distancia al terreno: 430 m
Fuente: Overture Maps (2026)</description><Style><IconStyle><color>ff1e90ff</color><Icon><href>http://maps.google.com/mapfiles/kml/shapes/shopping.png</href></Icon></IconStyle><LabelStyle><scale>0.7</scale></LabelStyle></Style><Point><coordinates>-100.22060765,25.67585581,0</coordinates></Point></Placemark><Placemark><name>MUEBLERÍA Cristal</name><description>Categoría: hardware_home_and_garden_store
Distancia al terreno: 435 m
Fuente: Overture Maps (2026)</description><Style><IconStyle><color>ff1e90ff</color><Icon><href>http://maps.google.com/mapfiles/kml/shapes/shopping.png</href></Icon></IconStyle><LabelStyle><scale>0.7</scale></LabelStyle></Style><Point><coordinates>-100.22055636,25.67584895,0</coordinates></Point></Placemark><Placemark><name>Óptica Alta Definición</name><description>Categoría: fashion_and_apparel_store
Distancia al terreno: 451 m
Fuente: Overture Maps (2026)</description><Style><IconStyle><color>ff1e90ff</color><Icon><href>http://maps.google.com/mapfiles/kml/shapes/shopping.png</href></Icon></IconStyle><LabelStyle><scale>0.7</scale></LabelStyle></Style><Point><coordinates>-100.22947748,25.67845669,0</coordinates></Point></Placemark><Placemark><name>Soriana Híper Benito Juárez</name><description>Categoría: food_and_beverage_store
Distancia al terreno: 453 m
Fuente: Overture Maps (2026)</description><Style><IconStyle><color>ff1e90ff</color><Icon><href>http://maps.google.com/mapfiles/kml/shapes/shopping.png</href></Icon></IconStyle><LabelStyle><scale>0.7</scale></LabelStyle></Style><Point><coordinates>-100.22951462,25.67840609,0</coordinates></Point></Placemark><Placemark><name>Café Rock Billiards</name><description>Categoría: cafe
Distancia al terreno: 459 m
Fuente: Overture Maps (2026)</description><Style><IconStyle><color>ff1e90ff</color><Icon><href>http://maps.google.com/mapfiles/kml/shapes/shopping.png</href></Icon></IconStyle><LabelStyle><scale>0.7</scale></LabelStyle></Style><Point><coordinates>-100.22034170,25.67574497,0</coordinates></Point></Placemark><Placemark><name>Abarrotes Don Joel</name><description>Categoría: food_and_beverage_store
Distancia al terreno: 467 m
Fuente: Overture Maps (2026)</description><Style><IconStyle><color>ff1e90ff</color><Icon><href>http://maps.google.com/mapfiles/kml/shapes/shopping.png</href></Icon></IconStyle><LabelStyle><scale>0.7</scale></LabelStyle></Style><Point><coordinates>-100.22612271,25.68181273,0</coordinates></Point></Placemark><Placemark><name>Abuelitos Burgers &amp; Dogos</name><description>Categoría: food_and_drink
Distancia al terreno: 469 m
Fuente: Overture Maps (2026)</description><Style><IconStyle><color>ff1e90ff</color><Icon><href>http://maps.google.com/mapfiles/kml/shapes/shopping.png</href></Icon></IconStyle><LabelStyle><scale>0.7</scale></LabelStyle></Style><Point><coordinates>-100.22126286,25.67391040,0</coordinates></Point></Placemark><Placemark><name>Pisky Burger</name><description>Categoría: restaurant
Distancia al terreno: 470 m
Fuente: Overture Maps (2026)</description><Style><IconStyle><color>ff1e90ff</color><Icon><href>http://maps.google.com/mapfiles/kml/shapes/shopping.png</href></Icon></IconStyle><LabelStyle><scale>0.7</scale></LabelStyle></Style><Point><coordinates>-100.22157479,25.68111332,0</coordinates></Point></Placemark><Placemark><name>"Carniceria "La Victoria""</name><description>Categoría: restaurant
Distancia al terreno: 470 m
Fuente: Overture Maps (2026)</description><Style><IconStyle><color>ff1e90ff</color><Icon><href>http://maps.google.com/mapfiles/kml/shapes/shopping.png</href></Icon></IconStyle><LabelStyle><scale>0.7</scale></LabelStyle></Style><Point><coordinates>-100.22084200,25.68045100,0</coordinates></Point></Placemark><Placemark><name>Abarrotes y Deposito Gallegos</name><description>Categoría: convenience_store
Distancia al terreno: 477 m
Fuente: Overture Maps (2026)</description><Style><IconStyle><color>ff1e90ff</color><Icon><href>http://maps.google.com/mapfiles/kml/shapes/shopping.png</href></Icon></IconStyle><LabelStyle><scale>0.7</scale></LabelStyle></Style><Point><coordinates>-100.22713319,25.67280448,0</coordinates></Point></Placemark><Placemark><name>Naevi Boutique</name><description>Categoría: fashion_and_apparel_store
Distancia al terreno: 480 m
Fuente: Overture Maps (2026)</description><Style><IconStyle><color>ff1e90ff</color><Icon><href>http://maps.google.com/mapfiles/kml/shapes/shopping.png</href></Icon></IconStyle><LabelStyle><scale>0.7</scale></LabelStyle></Style><Point><coordinates>-100.22346273,25.67251360,0</coordinates></Point></Placemark><Placemark><name>Caprichito Cakes</name><description>Categoría: fast_food_restaurant
Distancia al terreno: 485 m
Fuente: Overture Maps (2026)</description><Style><IconStyle><color>ff1e90ff</color><Icon><href>http://maps.google.com/mapfiles/kml/shapes/shopping.png</href></Icon></IconStyle><LabelStyle><scale>0.7</scale></LabelStyle></Style><Point><coordinates>-100.22489000,25.67230000,0</coordinates></Point></Placemark><Placemark><name>Fresas con crema catalina</name><description>Categoría: restaurant
Distancia al terreno: 485 m
Fuente: Overture Maps (2026)</description><Style><IconStyle><color>ff1e90ff</color><Icon><href>http://maps.google.com/mapfiles/kml/shapes/shopping.png</href></Icon></IconStyle><LabelStyle><scale>0.7</scale></LabelStyle></Style><Point><coordinates>-100.22484233,25.67229913,0</coordinates></Point></Placemark><Placemark><name>Artículos Americanos y Outlet</name><description>Categoría: restaurant
Distancia al terreno: 489 m
Fuente: Overture Maps (2026)</description><Style><IconStyle><color>ff1e90ff</color><Icon><href>http://maps.google.com/mapfiles/kml/shapes/shopping.png</href></Icon></IconStyle><LabelStyle><scale>0.7</scale></LabelStyle></Style><Point><coordinates>-100.22654657,25.67251150,0</coordinates></Point></Placemark></Folder><Folder><name>11. Vialidades principales</name><Placemark><name>Avenida Benito Juárez</name><description>Clase: primary</description><Style><LineStyle><color>ff3c3cff</color><width>4</width></LineStyle></Style><LineString><tessellate>1</tessellate><coordinates>-100.23501750,25.67838160,0 -100.23532310,25.67841250,0 -100.23545220,25.67842970,0 -100.23566530,25.67845820,0</coordinates></LineString></Placemark><Placemark><name>Avenida Benito Juárez</name><description>Clase: primary</description><Style><LineStyle><color>ff3c3cff</color><width>4</width></LineStyle></Style><LineString><tessellate>1</tessellate><coordinates>-100.23103860,25.67768300,0 -100.23151960,25.67782930,0 -100.23181600,25.67789570,0 -100.23208560,25.67795380,0 -100.23236190,25.67800690,0 -100.23265560,25.67805770,0 -100.23288890,25.67809640,0 -100.23308740,25.67812420,0</coordinates></LineString></Placemark><Placemark><name>Avenida Benito Juárez</name><description>Clase: primary</description><Style><LineStyle><color>ff3c3cff</color><width>4</width></LineStyle></Style><LineString><tessellate>1</tessellate><coordinates>-100.23451250,25.67832410,0 -100.23468850,25.67834410,0 -100.23501750,25.67838160,0</coordinates></LineString></Placemark><Placemark><name>Avenida Benito Juárez</name><description>Clase: primary</description><Style><LineStyle><color>ff3c3cff</color><width>4</width></LineStyle></Style><LineString><tessellate>1</tessellate><coordinates>-100.23553490,25.67824140,0 -100.23464310,25.67814960,0 -100.23388940,25.67807460,0 -100.23361180,25.67804800,0 -100.23346290,25.67803230,0</coordinates></LineString></Placemark><Placemark><name>Avenida Benito Juárez</name><description>Clase: primary</description><Style><LineStyle><color>ff3c3cff</color><width>4</width></LineStyle></Style><LineString><tessellate>1</tessellate><coordinates>-100.23308740,25.67812420,0 -100.23335430,25.67816170,0 -100.23451250,25.67832410,0</coordinates></LineString></Placemark><Placemark><name>primary</name><description>Clase: primary</description><Style><LineStyle><color>ff3c3cff</color><width>4</width></LineStyle></Style><LineString><tessellate>1</tessellate><coordinates>-100.23346290,25.67803230,0 -100.23332480,25.67806130,0 -100.23322820,25.67808550,0 -100.23308740,25.67812420,0</coordinates></LineString></Placemark><Placemark><name>Avenida Benito Juárez</name><description>Clase: primary</description><Style><LineStyle><color>ff3c3cff</color><width>4</width></LineStyle></Style><LineString><tessellate>1</tessellate><coordinates>-100.23346290,25.67803230,0 -100.23317190,25.67799730,0 -100.23293720,25.67796460,0 -100.23270380,25.67792960,0 -100.23244230,25.67787760,0 -100.23221850,25.67783130,0 -100.23196890,25.67777970,0 -100.23162160,25.67770600,0 -100.23138550,25.67765520,0 -100.23105470,25.67754160,0</coordinates></LineString></Placemark><Placemark><name>Avenida Benito Juárez</name><description>Clase: primary</description><Style><LineStyle><color>ff3c3cff</color><width>4</width></LineStyle></Style><LineString><tessellate>1</tessellate><coordinates>-100.23092020,25.67770840,0 -100.23103860,25.67768300,0</coordinates></LineString></Placemark><Placemark><name>Avenida Benito Juárez</name><description>Clase: primary</description><Style><LineStyle><color>ff3c3cff</color><width>4</width></LineStyle></Style><LineString><tessellate>1</tessellate><coordinates>-100.23105470,25.67754160,0 -100.23091520,25.67751260,0</coordinates></LineString></Placemark><Placemark><name>Avenida Benito Juárez</name><description>Clase: primary</description><Style><LineStyle><color>ff3c3cff</color><width>4</width></LineStyle></Style><LineString><tessellate>1</tessellate><coordinates>-100.23091520,25.67751260,0 -100.23073950,25.67747510,0 -100.23035890,25.67739500,0 -100.23014810,25.67735060,0 -100.22992950,25.67730590,0 -100.22969570,25.67725970,0 -100.22955670,25.67723220,0 -100.22914500,25.67715240,0</coordinates></LineString></Placemark><Placemark><name>Avenida Benito Juárez</name><description>Clase: primary</description><Style><LineStyle><color>ff3c3cff</color><width>4</width></LineStyle></Style><LineString><tessellate>1</tessellate><coordinates>-100.22878420,25.67707750,0 -100.22814300,25.67695830,0 -100.22776310,25.67688770,0 -100.22729810,25.67680130,0 -100.22651490,25.67666830,0 -100.22629630,25.67662840,0 -100.22608970,25.67658350,0 -100.22576240,25.67654260,0</coordinates></LineString></Placemark><Placemark><name>Avenida Benito Juárez</name><description>Clase: primary</description><Style><LineStyle><color>ff3c3cff</color><width>4</width></LineStyle></Style><LineString><tessellate>1</tessellate><coordinates>-100.22459320,25.67656350,0 -100.22623110,25.67684740,0 -100.22730840,25.67705200,0 -100.22782040,25.67714800,0 -100.22922810,25.67743110,0 -100.22945070,25.67747220,0 -100.22965450,25.67750370,0 -100.22989530,25.67752630,0 -100.23015950,25.67756140,0 -100.23092020,25.67770840,0</coordinates></LineString></Placemark><Placemark><name>Avenida Benito Juárez</name><description>Clase: primary</description><Style><LineStyle><color>ff3c3cff</color><width>4</width></LineStyle></Style><LineString><tessellate>1</tessellate><coordinates>-100.22914500,25.67715240,0 -100.22878420,25.67707750,0</coordinates></LineString></Placemark><Placemark><name>Avenida Benito Juárez</name><description>Clase: primary</description><Style><LineStyle><color>ff3c3cff</color><width>4</width></LineStyle></Style><LineString><tessellate>1</tessellate><coordinates>-100.22535360,25.67645900,0 -100.22498350,25.67636070,0</coordinates></LineString></Placemark><Placemark><name>Avenida Benito Juárez</name><description>Clase: primary</description><Style><LineStyle><color>ff3c3cff</color><width>4</width></LineStyle></Style><LineString><tessellate>1</tessellate><coordinates>-100.22576240,25.67654260,0 -100.22535360,25.67645900,0</coordinates></LineString></Placemark><Placemark><name>primary</name><description>Clase: primary</description><Style><LineStyle><color>ff3c3cff</color><width>4</width></LineStyle></Style><LineString><tessellate>1</tessellate><coordinates>-100.22576240,25.67654260,0 -100.22573000,25.67651960,0 -100.22568920,25.67649540,0 -100.22564690,25.67645630,0 -100.22561760,25.67642050,0 -100.22559870,25.67638820,0 -100.22559330,25.67633570,0 -100.22559200,25.67628730,0 -100.22559670,25.67623660,0</coordinates></LineString></Placemark><Placemark><name>primary</name><description>Clase: primary</description><Style><LineStyle><color>ff3c3cff</color><width>4</width></LineStyle></Style><LineString><tessellate>1</tessellate><coordinates>-100.22459320,25.67656350,0 -100.22505800,25.67659340,0 -100.22516190,25.67660690,0 -100.22523190,25.67660560,0 -100.22527140,25.67660080,0 -100.22530160,25.67658810,0 -100.22532840,25.67656510,0 -100.22535360,25.67645900,0</coordinates></LineString></Placemark><Placemark><name>Avenida Benito Juárez</name><description>Clase: primary</description><Style><LineStyle><color>ff3c3cff</color><width>4</width></LineStyle></Style><LineString><tessellate>1</tessellate><coordinates>-100.22406970,25.67642290,0 -100.22459320,25.67656350,0</coordinates></LineString></Placemark><Placemark><name>Avenida Benito Juárez</name><description>Clase: primary</description><Style><LineStyle><color>ff3c3cff</color><width>4</width></LineStyle></Style><LineString><tessellate>1</tessellate><coordinates>-100.22498350,25.67636070,0 -100.22460270,25.67628460,0 -100.22409440,25.67618190,0</coordinates></LineString></Placemark><Placemark><name>Avenida Benito Juárez</name><description>Clase: primary</description><Style><LineStyle><color>ff3c3cff</color><width>4</width></LineStyle></Style><LineString><tessellate>1</tessellate><coordinates>-100.22221450,25.67605540,0 -100.22227420,25.67606580,0 -100.22251610,25.67611390,0 -100.22406970,25.67642290,0</coordinates></LineString></Placemark><Placemark><name>Avenida Benito Juárez</name><description>Clase: primary</description><Style><LineStyle><color>ff3c3cff</color><width>4</width></LineStyle></Style><LineString><tessellate>1</tessellate><coordinates>-100.22409440,25.67618190,0 -100.22332590,25.67603440,0 -100.22287400,25.67595220,0 -100.22237510,25.67586280,0</coordinates></LineString></Placemark><Placemark><name>Avenida Pablo Livas</name><description>Clase: secondary</description><Style><LineStyle><color>ff3cb4ff</color><width>3</width></LineStyle></Style><LineString><tessellate>1</tessellate><coordinates>-100.22723000,25.66800780,0 -100.22770690,25.66808430,0</coordinates></LineString></Placemark><Placemark><name>Avenida Pablo Livas</name><description>Clase: secondary</description><Style><LineStyle><color>ff3cb4ff</color><width>3</width></LineStyle></Style><LineString><tessellate>1</tessellate><coordinates>-100.22770690,25.66808430,0 -100.22794290,25.66811970,0 -100.22819640,25.66816680,0</coordinates></LineString></Placemark><Placemark><name>Avenida Pablo Livas</name><description>Clase: secondary</description><Style><LineStyle><color>ff3cb4ff</color><width>3</width></LineStyle></Style><LineString><tessellate>1</tessellate><coordinates>-100.22819640,25.66816680,0 -100.22892860,25.66828770,0</coordinates></LineString></Placemark><Placemark><name>Avenida Pablo Livas</name><description>Clase: secondary</description><Style><LineStyle><color>ff3cb4ff</color><width>3</width></LineStyle></Style><LineString><tessellate>1</tessellate><coordinates>-100.22677240,25.66793360,0 -100.22723000,25.66800780,0</coordinates></LineString></Placemark><Placemark><name>Avenida Pablo Livas</name><description>Clase: secondary</description><Style><LineStyle><color>ff3cb4ff</color><width>3</width></LineStyle></Style><LineString><tessellate>1</tessellate><coordinates>-100.22543910,25.66768930,0 -100.22619550,25.66783080,0 -100.22669620,25.66792220,0 -100.22677240,25.66793360,0</coordinates></LineString></Placemark><Placemark><name>Avenida Pablo Livas</name><description>Clase: secondary</description><Style><LineStyle><color>ff3cb4ff</color><width>3</width></LineStyle></Style><LineString><tessellate>1</tessellate><coordinates>-100.22497940,25.66761290,0 -100.22543910,25.66768930,0</coordinates></LineString></Placemark><Placemark><name>Avenida Benito Juárez</name><description>Clase: primary</description><Style><LineStyle><color>ff3c3cff</color><width>4</width></LineStyle></Style><LineString><tessellate>1</tessellate><coordinates>-100.21428770,25.67489290,0 -100.21505990,25.67490400,0</coordinates></LineString></Placemark><Placemark><name>Avenida Adolfo López Mateos</name><description>Clase: secondary</description><Style><LineStyle><color>ff3cb4ff</color><width>3</width></LineStyle></Style><LineString><tessellate>1</tessellate><coordinates>-100.21493760,25.67795380,0 -100.21466930,25.67968010,0</coordinates></LineString></Placemark><Placemark><name>secondary</name><description>Clase: secondary</description><Style><LineStyle><color>ff3cb4ff</color><width>3</width></LineStyle></Style><LineString><tessellate>1</tessellate><coordinates>-100.21477360,25.68007150,0 -100.21473240,25.68000180,0 -100.21470220,25.67991240,0 -100.21470690,25.67983680,0 -100.21472230,25.67974500,0 -100.21477330,25.67965430,0 -100.21484570,25.67959770,0</coordinates></LineString></Placemark><Placemark><name>Avenida Adolfo López Mateos</name><description>Clase: secondary</description><Style><LineStyle><color>ff3cb4ff</color><width>3</width></LineStyle></Style><LineString><tessellate>1</tessellate><coordinates>-100.21477360,25.68007150,0 -100.21484570,25.67959770,0</coordinates></LineString></Placemark><Placemark><name>Avenida Adolfo López Mateos</name><description>Clase: secondary</description><Style><LineStyle><color>ff3cb4ff</color><width>3</width></LineStyle></Style><LineString><tessellate>1</tessellate><coordinates>-100.21484570,25.67959770,0 -100.21486550,25.67946760,0</coordinates></LineString></Placemark><Placemark><name>Avenida Adolfo López Mateos</name><description>Clase: secondary</description><Style><LineStyle><color>ff3cb4ff</color><width>3</width></LineStyle></Style><LineString><tessellate>1</tessellate><coordinates>-100.21486550,25.67946760,0 -100.21497820,25.67874780,0</coordinates></LineString></Placemark><Placemark><name>Avenida Adolfo López Mateos</name><description>Clase: secondary</description><Style><LineStyle><color>ff3cb4ff</color><width>3</width></LineStyle></Style><LineString><tessellate>1</tessellate><coordinates>-100.21497820,25.67874780,0 -100.21503680,25.67836890,0</coordinates></LineString></Placemark><Placemark><name>Avenida Adolfo López Mateos</name><description>Clase: secondary</description><Style><LineStyle><color>ff3cb4ff</color><width>3</width></LineStyle></Style><LineString><tessellate>1</tessellate><coordinates>-100.21503680,25.67836890,0 -100.21509790,25.67796290,0</coordinates></LineString></Placemark><Placemark><name>Avenida Adolfo López Mateos</name><description>Clase: secondary</description><Style><LineStyle><color>ff3cb4ff</color><width>3</width></LineStyle></Style><LineString><tessellate>1</tessellate><coordinates>-100.21521320,25.67618610,0 -100.21501600,25.67745700,0 -100.21493760,25.67795380,0</coordinates></LineString></Placemark><Placemark><name>Avenida Adolfo López Mateos</name><description>Clase: secondary</description><Style><LineStyle><color>ff3cb4ff</color><width>3</width></LineStyle></Style><LineString><tessellate>1</tessellate><coordinates>-100.21516930,25.67754330,0 -100.21522930,25.67712700,0</coordinates></LineString></Placemark><Placemark><name>Avenida Adolfo López Mateos</name><description>Clase: secondary</description><Style><LineStyle><color>ff3cb4ff</color><width>3</width></LineStyle></Style><LineString><tessellate>1</tessellate><coordinates>-100.21509790,25.67796290,0 -100.21516930,25.67754330,0</coordinates></LineString></Placemark><Placemark><name>Avenida Adolfo López Mateos</name><description>Clase: secondary</description><Style><LineStyle><color>ff3cb4ff</color><width>3</width></LineStyle></Style><LineString><tessellate>1</tessellate><coordinates>-100.21535960,25.67629760,0 -100.21537240,25.67620530,0</coordinates></LineString></Placemark><Placemark><name>Avenida Adolfo López Mateos</name><description>Clase: secondary</description><Style><LineStyle><color>ff3cb4ff</color><width>3</width></LineStyle></Style><LineString><tessellate>1</tessellate><coordinates>-100.21529180,25.67673400,0 -100.21535960,25.67629760,0</coordinates></LineString></Placemark><Placemark><name>Avenida Adolfo López Mateos</name><description>Clase: secondary</description><Style><LineStyle><color>ff3cb4ff</color><width>3</width></LineStyle></Style><LineString><tessellate>1</tessellate><coordinates>-100.21522930,25.67712700,0 -100.21529180,25.67673400,0</coordinates></LineString></Placemark><Placemark><name>secondary</name><description>Clase: secondary</description><Style><LineStyle><color>ff3cb4ff</color><width>3</width></LineStyle></Style><LineString><tessellate>1</tessellate><coordinates>-100.21537240,25.67620530,0 -100.21521320,25.67618610,0</coordinates></LineString></Placemark><Placemark><name>Avenida Adolfo López Mateos</name><description>Clase: secondary</description><Style><LineStyle><color>ff3cb4ff</color><width>3</width></LineStyle></Style><LineString><tessellate>1</tessellate><coordinates>-100.21541920,25.67492470,0 -100.21521320,25.67618610,0</coordinates></LineString></Placemark><Placemark><name>Avenida Benito Juárez</name><description>Clase: primary</description><Style><LineStyle><color>ff3c3cff</color><width>4</width></LineStyle></Style><LineString><tessellate>1</tessellate><coordinates>-100.21545050,25.67476100,0 -100.21486980,25.67476060,0 -100.21426500,25.67476010,0</coordinates></LineString></Placemark><Placemark><name>Avenida Benito Juárez</name><description>Clase: primary</description><Style><LineStyle><color>ff3c3cff</color><width>4</width></LineStyle></Style><LineString><tessellate>1</tessellate><coordinates>-100.21505990,25.67490400,0 -100.21541920,25.67492470,0</coordinates></LineString></Placemark><Placemark><name>Avenida Adolfo López Mateos</name><description>Clase: secondary</description><Style><LineStyle><color>ff3cb4ff</color><width>3</width></LineStyle></Style><LineString><tessellate>1</tessellate><coordinates>-100.21548400,25.67543120,0 -100.21556230,25.67492380,0</coordinates></LineString></Placemark><Placemark><name>secondary</name><description>Clase: secondary</description><Style><LineStyle><color>ff3cb4ff</color><width>3</width></LineStyle></Style><LineString><tessellate>1</tessellate><coordinates>-100.21545050,25.67476100,0 -100.21541920,25.67492470,0</coordinates></LineString></Placemark><Placemark><name>Avenida Benito Juárez</name><description>Clase: primary</description><Style><LineStyle><color>ff3c3cff</color><width>4</width></LineStyle></Style><LineString><tessellate>1</tessellate><coordinates>-100.21558830,25.67475980,0 -100.21545050,25.67476100,0</coordinates></LineString></Placemark><Placemark><name>secondary</name><description>Clase: secondary</description><Style><LineStyle><color>ff3cb4ff</color><width>3</width></LineStyle></Style><LineString><tessellate>1</tessellate><coordinates>-100.21556230,25.67492380,0 -100.21558830,25.67475980,0</coordinates></LineString></Placemark><Placemark><name>Avenida Benito Juárez</name><description>Clase: primary</description><Style><LineStyle><color>ff3c3cff</color><width>4</width></LineStyle></Style><LineString><tessellate>1</tessellate><coordinates>-100.21541920,25.67492470,0 -100.21556230,25.67492380,0</coordinates></LineString></Placemark><Placemark><name>Avenida Benito Juárez</name><description>Clase: primary</description><Style><LineStyle><color>ff3c3cff</color><width>4</width></LineStyle></Style><LineString><tessellate>1</tessellate><coordinates>-100.21556230,25.67492380,0 -100.21579150,25.67491640,0</coordinates></LineString></Placemark><Placemark><name>Avenida Benito Juárez</name><description>Clase: primary</description><Style><LineStyle><color>ff3c3cff</color><width>4</width></LineStyle></Style><LineString><tessellate>1</tessellate><coordinates>-100.21582300,25.67476410,0 -100.21558830,25.67475980,0</coordinates></LineString></Placemark><Placemark><name>primary</name><description>Clase: primary</description><Style><LineStyle><color>ff3c3cff</color><width>4</width></LineStyle></Style><LineString><tessellate>1</tessellate><coordinates>-100.21582300,25.67476410,0 -100.21579900,25.67478250,0 -100.21578350,25.67479780,0 -100.21577210,25.67482030,0 -100.21576940,25.67484110,0 -100.21577070,25.67486800,0 -100.21577840,25.67489190,0 -100.21579150,25.67491640,0</coordinates></LineString></Placemark><Placemark><name>Avenida Adolfo López Mateos</name><description>Clase: secondary</description><Style><LineStyle><color>ff3cb4ff</color><width>3</width></LineStyle></Style><LineString><tessellate>1</tessellate><coordinates>-100.21542200,25.67586350,0 -100.21548400,25.67543120,0</coordinates></LineString></Placemark><Placemark><name>Avenida Adolfo López Mateos</name><description>Clase: secondary</description><Style><LineStyle><color>ff3cb4ff</color><width>3</width></LineStyle></Style><LineString><tessellate>1</tessellate><coordinates>-100.21537240,25.67620530,0 -100.21542200,25.67586350,0</coordinates></LineString></Placemark><Placemark><name>Avenida Benito Juárez</name><description>Clase: primary</description><Style><LineStyle><color>ff3c3cff</color><width>4</width></LineStyle></Style><LineString><tessellate>1</tessellate><coordinates>-100.21663070,25.67485410,0 -100.21640610,25.67481910,0 -100.21623040,25.67479310,0 -100.21605070,25.67477490,0 -100.21582300,25.67476410,0</coordinates></LineString></Placemark><Placemark><name>Avenida Benito Juárez</name><description>Clase: primary</description><Style><LineStyle><color>ff3c3cff</color><width>4</width></LineStyle></Style><LineString><tessellate>1</tessellate><coordinates>-100.21579150,25.67491640,0 -100.21604400,25.67492180,0 -100.21614590,25.67492900,0 -100.21625520,25.67494050,0 -100.21638130,25.67495990,0 -100.21751250,25.67514600,0</coordinates></LineString></Placemark><Placemark><name>Avenida Benito Juárez</name><description>Clase: primary</description><Style><LineStyle><color>ff3c3cff</color><width>4</width></LineStyle></Style><LineString><tessellate>1</tessellate><coordinates>-100.21833930,25.67514360,0 -100.21752920,25.67500460,0 -100.21663070,25.67485410,0</coordinates></LineString></Placemark><Placemark><name>Avenida Benito Juárez</name><description>Clase: primary</description><Style><LineStyle><color>ff3c3cff</color><width>4</width></LineStyle></Style><LineString><tessellate>1</tessellate><coordinates>-100.21751250,25.67514600,0 -100.21766670,25.67517450,0 -100.21824400,25.67528140,0 -100.21959090,25.67553390,0 -100.21975930,25.67556550,0 -100.22011350,25.67563190,0</coordinates></LineString></Placemark><Placemark><name>Avenida Benito Juárez</name><description>Clase: primary</description><Style><LineStyle><color>ff3c3cff</color><width>4</width></LineStyle></Style><LineString><tessellate>1</tessellate><coordinates>-100.21949530,25.67535870,0 -100.21833930,25.67514360,0</coordinates></LineString></Placemark><Placemark><name>Avenida Benito Juárez</name><description>Clase: primary</description><Style><LineStyle><color>ff3c3cff</color><width>4</width></LineStyle></Style><LineString><tessellate>1</tessellate><coordinates>-100.22013900,25.67547720,0 -100.21949530,25.67535870,0</coordinates></LineString></Placemark><Placemark><name>primary</name><description>Clase: primary</description><Style><LineStyle><color>ff3c3cff</color><width>4</width></LineStyle></Style><LineString><tessellate>1</tessellate><coordinates>-100.22013900,25.67547720,0 -100.22011350,25.67563190,0</coordinates></LineString></Placemark><Placemark><name>Avenida Benito Juárez</name><description>Clase: primary</description><Style><LineStyle><color>ff3c3cff</color><width>4</width></LineStyle></Style><LineString><tessellate>1</tessellate><coordinates>-100.22011350,25.67563190,0 -100.22138490,25.67588700,0</coordinates></LineString></Placemark><Placemark><name>Avenida Benito Juárez</name><description>Clase: primary</description><Style><LineStyle><color>ff3c3cff</color><width>4</width></LineStyle></Style><LineString><tessellate>1</tessellate><coordinates>-100.22136790,25.67567180,0 -100.22083100,25.67561010,0 -100.22037050,25.67552170,0 -100.22013900,25.67547720,0</coordinates></LineString></Placemark><Placemark><name>Avenida Benito Juárez</name><description>Clase: primary</description><Style><LineStyle><color>ff3c3cff</color><width>4</width></LineStyle></Style><LineString><tessellate>1</tessellate><coordinates>-100.22237510,25.67586280,0 -100.22228660,25.67584580,0 -100.22136790,25.67567180,0</coordinates></LineString></Placemark><Placemark><name>Avenida Benito Juárez</name><description>Clase: primary</description><Style><LineStyle><color>ff3c3cff</color><width>4</width></LineStyle></Style><LineString><tessellate>1</tessellate><coordinates>-100.22138490,25.67588700,0 -100.22221450,25.67605540,0</coordinates></LineString></Placemark></Folder><Folder><name>12. Perfil de elevación (avenida → río)</name><Placemark><name>Perfil sur–norte</name><description>Elevación (modelo digital AWS Terrain Tiles, aprox. 5 m/píxel):
0 m: 471.9 m s.n.m.
33 m: 472.1 m s.n.m.
66 m: 471.0 m s.n.m.
100 m: 471.0 m s.n.m.
133 m: 470.0 m s.n.m.
El terreno baja unos 2 m de la avenida hacia el río (≈1.5 %).</description><Style><LineStyle><color>ff00ffff</color><width>3</width></LineStyle></Style><LineString><tessellate>1</tessellate><coordinates>-100.22505241,25.67671219,0 -100.22478578,25.67778219,0</coordinates></LineString></Placemark><Placemark><name>471.9 m</name><description></description><Style><IconStyle><scale>0.5</scale></IconStyle><LabelStyle><scale>0.7</scale></LabelStyle></Style><Point><coordinates>-100.22505241,25.67671219,0</coordinates></Point></Placemark><Placemark><name>472.1 m</name><description></description><Style><IconStyle><scale>0.5</scale></IconStyle><LabelStyle><scale>0.7</scale></LabelStyle></Style><Point><coordinates>-100.22498575,25.67697969,0</coordinates></Point></Placemark><Placemark><name>471.0 m</name><description></description><Style><IconStyle><scale>0.5</scale></IconStyle><LabelStyle><scale>0.7</scale></LabelStyle></Style><Point><coordinates>-100.22491909,25.67724719,0</coordinates></Point></Placemark><Placemark><name>471.0 m</name><description></description><Style><IconStyle><scale>0.5</scale></IconStyle><LabelStyle><scale>0.7</scale></LabelStyle></Style><Point><coordinates>-100.22485243,25.67751469,0</coordinates></Point></Placemark><Placemark><name>470.0 m</name><description></description><Style><IconStyle><scale>0.5</scale></IconStyle><LabelStyle><scale>0.7</scale></LabelStyle></Style><Point><coordinates>-100.22478578,25.67778219,0</coordinates></Point></Placemark></Folder></Document></kml>